,城市,省份,共计,新增
0,地区待确认,香港,"{'nowConfirm': 695, 'confirm': 935, 'suspect': 0, 'dead': 4, 'deadRate': '0.43', 'showRate': False, 'heal': 236, 'healRate': '25.24', 'showHeal': True}","{'confirm': 21, 'confirmCuts': 0, 'isUpdated': True}"
1,武汉,湖北,"{'nowConfirm': 445, 'confirm': 50008, 'suspect': 0, 'dead': 2572, 'deadRate': '5.14', 'showRate': False, 'heal': 46991, 'healRate': '93.97', 'showHeal': True}","{'confirm': 0, 'confirmCuts': 0, 'isUpdated': True}"
2,襄阳,湖北,"{'nowConfirm': 1, 'confirm': 1175, 'suspect': 0, 'dead': 39, 'deadRate': '3.32', 'showRate': False, 'heal': 1135, 'healRate': '96.60', 'showHeal': True}","{'confirm': 0, 'confirmCuts': 0, 'isUpdated': True}"
3,仙桃,湖北,"{'nowConfirm': 1, 'confirm': 575, 'suspect': 0, 'dead': 22, 'deadRate': '3.83', 'showRate': False, 'heal': 552, 'healRate': '96.00', 'showHeal': True}","{'confirm': 0, 'confirmCuts': 0, 'isUpdated': True}"
4,宜昌,湖北,"{'nowConfirm': 1, 'confirm': 931, 'suspect': 0, 'dead': 36, 'deadRate': '3.87', 'showRate': False, 'heal': 894, 'healRate': '96.03', 'showHeal': True}","{'confirm': 0, 'confirmCuts': 0, 'isUpdated': True}"
5,天门,湖北,"{'nowConfirm': 0, 'confirm': 496, 'suspect': 0, 'dead': 15, 'deadRate': '3.02', 'showRate': False, 'heal': 481, 'healRate': '96.98', 'showHeal': True}","{'confirm': 0, 'confirmCuts': 0, 'isUpdated': True}"
6,鄂州,湖北,"{'nowConfirm': 0, 'confirm': 1394, 'suspect': 0, 'dead': 59, 'deadRate': '4.23', 'showRate': False, 'heal': 1335, 'healRate': '95.77', 'showHeal': True}","{'confirm': 0, 'confirmCuts': 0, 'isUpdated': True}"
7,恩施州,湖北,"{'nowConfirm': 0, 'confirm': 252, 'suspect': 0, 'dead': 7, 'deadRate': '2.78', 'showRate': False, 'heal': 245, 'healRate': '97.22', 'showHeal': True}","{'confirm': 0, 'confirmCuts': 0, 'isUpdated': True}"
8,十堰,湖北,"{'nowConfirm': 0, 'confirm': 672, 'suspect': 0, 'dead': 8, 'deadRate': '1.19', 'showRate': False, 'heal': 664, 'healRate': '98.81', 'showHeal': True}","{'confirm': 0, 'confirmCuts': 0, 'isUpdated': True}"
9,潜江,湖北,"{'nowConfirm': 0, 'confirm': 198, 'suspect': 0, 'dead': 9, 'deadRate': '4.55', 'showRate': False, 'heal': 189, 'healRate': '95.45', 'showHeal': True}","{'confirm': 0, 'confirmCuts': 0, 'isUpdated': True}"
10,黄石,湖北,"{'nowConfirm': 0, 'confirm': 1015, 'suspect': 0, 'dead': 39, 'deadRate': '3.84', 'showRate': False, 'heal': 976, 'healRate': '96.16', 'showHeal': True}","{'confirm': 0, 'confirmCuts': 0, 'isUpdated': True}"
11,荆州,湖北,"{'nowConfirm': 0, 'confirm': 1580, 'suspect': 0, 'dead': 52, 'deadRate': '3.29', 'showRate': False, 'heal': 1528, 'healRate': '96.71', 'showHeal': True}","{'confirm': 0, 'confirmCuts': 0, 'isUpdated': True}"
12,随州,湖北,"{'nowConfirm': 0, 'confirm': 1307, 'suspect': 0, 'dead': 45, 'deadRate': '3.44', 'showRate': False, 'heal': 1262, 'healRate': '96.56', 'showHeal': True}","{'confirm': 0, 'confirmCuts': 0, 'isUpdated': True}"
13,荆门,湖北,"{'nowConfirm': 0, 'confirm': 928, 'suspect': 0, 'dead': 41, 'deadRate': '4.42', 'showRate': False, 'heal': 887, 'healRate': '95.58', 'showHeal': True}","{'confirm': 0, 'confirmCuts': 0, 'isUpdated': True}"
14,咸宁,湖北,"{'nowConfirm': 0, 'confirm': 836, 'suspect': 0, 'dead': 15, 'deadRate': '1.79', 'showRate': False, 'heal': 821, 'healRate': '98.21', 'showHeal': True}","{'confirm': 0, 'confirmCuts': 0, 'isUpdated': True}"
15,孝感,湖北,"{'nowConfirm': 0, 'confirm': 3518, 'suspect': 0, 'dead': 129, 'deadRate': '3.67', 'showRate': False, 'heal': 3389, 'healRate': '96.33', 'showHeal': True}","{'confirm': 0, 'confirmCuts': 0, 'isUpdated': True}"
16,黄冈,湖北,"{'nowConfirm': 0, 'confirm': 2907, 'suspect': 0, 'dead': 125, 'deadRate': '4.30', 'showRate': False, 'heal': 2782, 'healRate': '95.70', 'showHeal': True}","{'confirm': 0, 'confirmCuts': 0, 'isUpdated': True}"
17,神农架,湖北,"{'nowConfirm': 0, 'confirm': 11, 'suspect': 0, 'dead': 0, 'deadRate': '0.00', 'showRate': False, 'heal': 11, 'healRate': '100.00', 'showHeal': True}","{'confirm': 0, 'confirmCuts': 0, 'isUpdated': True}"
18,地区待确认,台湾,"{'nowConfirm': 313, 'confirm': 379, 'suspect': 0, 'dead': 5, 'deadRate': '1.32', 'showRate': False, 'heal': 61, 'healRate': '16.09', 'showHeal': True}","{'confirm': 6, 'confirmCuts': 0, 'isUpdated': True}"
19,境外输入,北京,"{'nowConfirm': 119, 'confirm': 172, 'suspect': 0, 'dead': 0, 'deadRate': '0.00', 'showRate': False, 'heal': 53, 'healRate': '30.81', 'showHeal': True}","{'confirm': 1, 'confirmCuts': 0, 'isUpdated': True}"
20,朝阳,北京,"{'nowConfirm': 72, 'confirm': 72, 'suspect': 0, 'dead': 0, 'deadRate': '0.00', 'showRate': False, 'heal': 0, 'healRate': '0.00', 'showHeal': False}","{'confirm': 0, 'confirmCuts': 0, 'isUpdated': False}"
21,海淀,北京,"{'nowConfirm': 64, 'confirm': 64, 'suspect': 0, 'dead': 0, 'deadRate': '0.00', 'showRate': False, 'heal': 0, 'healRate': '0.00', 'showHeal': False}","{'confirm': 0, 'confirmCuts': 0, 'isUpdated': False}"
22,西城,北京,"{'nowConfirm': 53, 'confirm': 53, 'suspect': 0, 'dead': 0, 'deadRate': '0.00', 'showRate': False, 'heal': 0, 'healRate': '0.00', 'showHeal': False}","{'confirm': 0, 'confirmCuts': 0, 'isUpdated': False}"
23,丰台,北京,"{'nowConfirm': 43, 'confirm': 43, 'suspect': 0, 'dead': 0, 'deadRate': '0.00', 'showRate': False, 'heal': 0, 'healRate': '0.00', 'showHeal': False}","{'confirm': 0, 'confirmCuts': 0, 'isUpdated': False}"
24,大兴,北京,"{'nowConfirm': 39, 'confirm': 39, 'suspect': 0, 'dead': 0, 'deadRate': '0.00', 'showRate': False, 'heal': 0, 'healRate': '0.00', 'showHeal': False}","{'confirm': 0, 'confirmCuts': 0, 'isUpdated': False}"
25,昌平,北京,"{'nowConfirm': 29, 'confirm': 29, 'suspect': 0, 'dead': 0, 'deadRate': '0.00', 'showRate': False, 'heal': 0, 'healRate': '0.00', 'showHeal': False}","{'confirm': 0, 'confirmCuts': 0, 'isUpdated': False}"
26,外地来京,北京,"{'nowConfirm': 25, 'confirm': 25, 'suspect': 0, 'dead': 0, 'deadRate': '0.00', 'showRate': False, 'heal': 0, 'healRate': '0.00', 'showHeal': False}","{'confirm': 0, 'confirmCuts': 0, 'isUpdated': False}"
27,通州,北京,"{'nowConfirm': 19, 'confirm': 19, 'suspect': 0, 'dead': 0, 'deadRate': '0.00', 'showRate': False, 'heal': 0, 'healRate': '0.00', 'showHeal': False}","{'confirm': 0, 'confirmCuts': 0, 'isUpdated': False}"
28,房山,北京,"{'nowConfirm': 16, 'confirm': 16, 'suspect': 0, 'dead': 0, 'deadRate': '0.00', 'showRate': False, 'heal': 0, 'healRate': '0.00', 'showHeal': False}","{'confirm': 0, 'confirmCuts': 0, 'isUpdated': False}"
29,东城,北京,"{'nowConfirm': 14, 'confirm': 14, 'suspect': 0, 'dead': 0, 'deadRate': '0.00', 'showRate': False, 'heal': 0, 'healRate': '0.00', 'showHeal': False}","{'confirm': 0, 'confirmCuts': 0, 'isUpdated': False}"
30,石景山,北京,"{'nowConfirm': 14, 'confirm': 14, 'suspect': 0, 'dead': 0, 'deadRate': '0.00', 'showRate': False, 'heal': 0, 'healRate': '0.00', 'showHeal': False}","{'confirm': 0, 'confirmCuts': 0, 'isUpdated': False}"
31,顺义,北京,"{'nowConfirm': 10, 'confirm': 10, 'suspect': 0, 'dead': 0, 'deadRate': '0.00', 'showRate': False, 'heal': 0, 'healRate': '0.00', 'showHeal': False}","{'confirm': 0, 'confirmCuts': 0, 'isUpdated': False}"
32,密云,北京,"{'nowConfirm': 7, 'confirm': 7, 'suspect': 0, 'dead': 0, 'deadRate': '0.00', 'showRate': False, 'heal': 0, 'healRate': '0.00', 'showHeal': False}","{'confirm': 0, 'confirmCuts': 0, 'isUpdated': False}"
33,怀柔,北京,"{'nowConfirm': 7, 'confirm': 7, 'suspect': 0, 'dead': 0, 'deadRate': '0.00', 'showRate': False, 'heal': 0, 'healRate': '0.00', 'showHeal': False}","{'confirm': 0, 'confirmCuts': 0, 'isUpdated': False}"
34,门头沟,北京,"{'nowConfirm': 3, 'confirm': 3, 'suspect': 0, 'dead': 0, 'deadRate': '0.00', 'showRate': False, 'heal': 0, 'healRate': '0.00', 'showHeal': False}","{'confirm': 0, 'confirmCuts': 0, 'isUpdated': False}"
35,延庆,北京,"{'nowConfirm': 1, 'confirm': 1, 'suspect': 0, 'dead': 0, 'deadRate': '0.00', 'showRate': False, 'heal': 0, 'healRate': '0.00', 'showHeal': False}","{'confirm': 0, 'confirmCuts': 0, 'isUpdated': False}"
36,地区待确认,北京,"{'nowConfirm': -410, 'confirm': 0, 'suspect': 0, 'dead': 8, 'deadRate': '0.00', 'showRate': False, 'heal': 402, 'healRate': '0.00', 'showHeal': True}","{'confirm': 0, 'confirmCuts': 0, 'isUpdated': False}"
37,境外输入,上海,"{'nowConfirm': 115, 'confirm': 204, 'suspect': 0, 'dead': 0, 'deadRate': '0.00', 'showRate': False, 'heal': 89, 'healRate': '43.63', 'showHeal': True}","{'confirm': 5, 'confirmCuts': 0, 'isUpdated': True}"
38,外地来沪,上海,"{'nowConfirm': 3, 'confirm': 111, 'suspect': 0, 'dead': 1, 'deadRate': '0.90', 'showRate': False, 'heal': 107, 'healRate': '96.40', 'showHeal': True}","{'confirm': 0, 'confirmCuts': 0, 'isUpdated': False}"
39,宝山,上海,"{'nowConfirm': 1, 'confirm': 22, 'suspect': 0, 'dead': 1, 'deadRate': '4.55', 'showRate': False, 'heal': 20, 'healRate': '90.91', 'showHeal': True}","{'confirm': 0, 'confirmCuts': 0, 'isUpdated': False}"
40,嘉定,上海,"{'nowConfirm': 0, 'confirm': 9, 'suspect': 0, 'dead': 2, 'deadRate': '22.22', 'showRate': False, 'heal': 7, 'healRate': '77.78', 'showHeal': True}","{'confirm': 0, 'confirmCuts': 0, 'isUpdated': True}"
41,地区待确认,上海,"{'nowConfirm': 0, 'confirm': 0, 'suspect': 0, 'dead': 0, 'deadRate': '0.00', 'showRate': False, 'heal': 0, 'healRate': '0.00', 'showHeal': True}","{'confirm': 0, 'confirmCuts': 0, 'isUpdated': False}"
42,徐汇,上海,"{'nowConfirm': 0, 'confirm': 18, 'suspect': 0, 'dead': 1, 'deadRate': '5.56', 'showRate': False, 'heal': 17, 'healRate': '94.44', 'showHeal': True}","{'confirm': 0, 'confirmCuts': 0, 'isUpdated': False}"
43,静安,上海,"{'nowConfirm': 0, 'confirm': 16, 'suspect': 0, 'dead': 1, 'deadRate': '6.25', 'showRate': False, 'heal': 15, 'healRate': '93.75', 'showHeal': True}","{'confirm': 0, 'confirmCuts': 0, 'isUpdated': False}"
44,黄浦,上海,"{'nowConfirm': 0, 'confirm': 6, 'suspect': 0, 'dead': 1, 'deadRate': '16.67', 'showRate': False, 'heal': 5, 'healRate': '83.33', 'showHeal': True}","{'confirm': 0, 'confirmCuts': 0, 'isUpdated': False}"
45,浦东,上海,"{'nowConfirm': 0, 'confirm': 61, 'suspect': 0, 'dead': 0, 'deadRate': '0.00', 'showRate': False, 'heal': 61, 'healRate': '100.00', 'showHeal': True}","{'confirm': 0, 'confirmCuts': 0, 'isUpdated': False}"
46,青浦,上海,"{'nowConfirm': 0, 'confirm': 6, 'suspect': 0, 'dead': 0, 'deadRate': '0.00', 'showRate': False, 'heal': 6, 'healRate': '100.00', 'showHeal': True}","{'confirm': 0, 'confirmCuts': 0, 'isUpdated': False}"
47,崇明,上海,"{'nowConfirm': 0, 'confirm': 4, 'suspect': 0, 'dead': 0, 'deadRate': '0.00', 'showRate': False, 'heal': 4, 'healRate': '100.00', 'showHeal': True}","{'confirm': 0, 'confirmCuts': 0, 'isUpdated': False}"
48,金山,上海,"{'nowConfirm': 0, 'confirm': 4, 'suspect': 0, 'dead': 0, 'deadRate': '0.00', 'showRate': False, 'heal': 4, 'healRate': '100.00', 'showHeal': True}","{'confirm': 0, 'confirmCuts': 0, 'isUpdated': False}"
49,虹口,上海,"{'nowConfirm': 0, 'confirm': 7, 'suspect': 0, 'dead': 0, 'deadRate': '0.00', 'showRate': False, 'heal': 7, 'healRate': '100.00', 'showHeal': True}","{'confirm': 0, 'confirmCuts': 0, 'isUpdated': False}"
50,奉贤,上海,"{'nowConfirm': 0, 'confirm': 9, 'suspect': 0, 'dead': 0, 'deadRate': '0.00', 'showRate': False, 'heal': 9, 'healRate': '100.00', 'showHeal': True}","{'confirm': 0, 'confirmCuts': 0, 'isUpdated': False}"
51,杨浦,上海,"{'nowConfirm': 0, 'confirm': 9, 'suspect': 0, 'dead': 0, 'deadRate': '0.00', 'showRate': False, 'heal': 9, 'healRate': '100.00', 'showHeal': True}","{'confirm': 0, 'confirmCuts': 0, 'isUpdated': False}"
52,普陀,上海,"{'nowConfirm': 0, 'confirm': 11, 'suspect': 0, 'dead': 0, 'deadRate': '0.00', 'showRate': False, 'heal': 11, 'healRate': '100.00', 'showHeal': True}","{'confirm': 0, 'confirmCuts': 0, 'isUpdated': False}"
53,长宁,上海,"{'nowConfirm': 0, 'confirm': 13, 'suspect': 0, 'dead': 0, 'deadRate': '0.00', 'showRate': False, 'heal': 13, 'healRate': '100.00', 'showHeal': True}","{'confirm': 0, 'confirmCuts': 0, 'isUpdated': False}"
54,松江,上海,"{'nowConfirm': 0, 'confirm': 14, 'suspect': 0, 'dead': 0, 'deadRate': '0.00', 'showRate': False, 'heal': 14, 'healRate': '100.00', 'showHeal': True}","{'confirm': 0, 'confirmCuts': 0, 'isUpdated': False}"
55,闵行,上海,"{'nowConfirm': 0, 'confirm': 19, 'suspect': 0, 'dead': 0, 'deadRate': '0.00', 'showRate': False, 'heal': 19, 'healRate': '100.00', 'showHeal': True}","{'confirm': 0, 'confirmCuts': 0, 'isUpdated': False}"
56,境外输入,广东,"{'nowConfirm': 103, 'confirm': 175, 'suspect': 0, 'dead': 0, 'deadRate': '0.00', 'showRate': False, 'heal': 72, 'healRate': '41.14', 'showHeal': True}","{'confirm': 2, 'confirmCuts': 0, 'isUpdated': True}"
57,广州,广东,"{'nowConfirm': 9, 'confirm': 353, 'suspect': 0, 'dead': 1, 'deadRate': '0.28', 'showRate': False, 'heal': 343, 'healRate': '97.17', 'showHeal': True}","{'confirm': 1, 'confirmCuts': 0, 'isUpdated': True}"
58,深圳,广东,"{'nowConfirm': 2, 'confirm': 419, 'suspect': 0, 'dead': 3, 'deadRate': '0.72', 'showRate': False, 'heal': 414, 'healRate': '98.81', 'showHeal': True}","{'confirm': 0, 'confirmCuts': 0, 'isUpdated': True}"
59,揭阳,广东,"{'nowConfirm': 2, 'confirm': 10, 'suspect': 0, 'dead': 0, 'deadRate': '0.00', 'showRate': False, 'heal': 8, 'healRate': '80.00', 'showHeal': True}","{'confirm': 0, 'confirmCuts': 0, 'isUpdated': True}"
60,佛山,广东,"{'nowConfirm': 1, 'confirm': 85, 'suspect': 0, 'dead': 0, 'deadRate': '0.00', 'showRate': False, 'heal': 84, 'healRate': '98.82', 'showHeal': True}","{'confirm': 0, 'confirmCuts': 0, 'isUpdated': True}"
61,梅州,广东,"{'nowConfirm': 0, 'confirm': 16, 'suspect': 0, 'dead': 0, 'deadRate': '0.00', 'showRate': False, 'heal': 16, 'healRate': '100.00', 'showHeal': True}","{'confirm': 0, 'confirmCuts': 0, 'isUpdated': True}"
62,河源,广东,"{'nowConfirm': 0, 'confirm': 4, 'suspect': 0, 'dead': 0, 'deadRate': '0.00', 'showRate': False, 'heal': 4, 'healRate': '100.00', 'showHeal': True}","{'confirm': 0, 'confirmCuts': 0, 'isUpdated': True}"
63,惠州,广东,"{'nowConfirm': 0, 'confirm': 62, 'suspect': 0, 'dead': 0, 'deadRate': '0.00', 'showRate': False, 'heal': 62, 'healRate': '100.00', 'showHeal': True}","{'confirm': 0, 'confirmCuts': 0, 'isUpdated': True}"
64,阳江,广东,"{'nowConfirm': 0, 'confirm': 14, 'suspect': 0, 'dead': 0, 'deadRate': '0.00', 'showRate': False, 'heal': 14, 'healRate': '100.00', 'showHeal': True}","{'confirm': 0, 'confirmCuts': 0, 'isUpdated': True}"
65,东莞,广东,"{'nowConfirm': 0, 'confirm': 99, 'suspect': 0, 'dead': 1, 'deadRate': '1.01', 'showRate': False, 'heal': 98, 'healRate': '98.99', 'showHeal': True}","{'confirm': 0, 'confirmCuts': 0, 'isUpdated': True}"
66,中山,广东,"{'nowConfirm': 0, 'confirm': 66, 'suspect': 0, 'dead': 0, 'deadRate': '0.00', 'showRate': False, 'heal': 66, 'healRate': '100.00', 'showHeal': True}","{'confirm': 0, 'confirmCuts': 0, 'isUpdated': True}"
67,茂名,广东,"{'nowConfirm': 0, 'confirm': 14, 'suspect': 0, 'dead': 0, 'deadRate': '0.00', 'showRate': False, 'heal': 14, 'healRate': '100.00', 'showHeal': True}","{'confirm': 0, 'confirmCuts': 0, 'isUpdated': True}"
68,肇庆,广东,"{'nowConfirm': 0, 'confirm': 19, 'suspect': 0, 'dead': 1, 'deadRate': '5.26', 'showRate': False, 'heal': 18, 'healRate': '94.74', 'showHeal': True}","{'confirm': 0, 'confirmCuts': 0, 'isUpdated': True}"
69,潮州,广东,"{'nowConfirm': 0, 'confirm': 5, 'suspect': 0, 'dead': 0, 'deadRate': '0.00', 'showRate': False, 'heal': 5, 'healRate': '100.00', 'showHeal': True}","{'confirm': 0, 'confirmCuts': 0, 'isUpdated': True}"
70,湛江,广东,"{'nowConfirm': 0, 'confirm': 22, 'suspect': 0, 'dead': 0, 'deadRate': '0.00', 'showRate': False, 'heal': 22, 'healRate': '100.00', 'showHeal': True}","{'confirm': 0, 'confirmCuts': 0, 'isUpdated': True}"
71,珠海,广东,"{'nowConfirm': 0, 'confirm': 98, 'suspect': 0, 'dead': 1, 'deadRate': '1.02', 'showRate': False, 'heal': 97, 'healRate': '98.98', 'showHeal': True}","{'confirm': 0, 'confirmCuts': 0, 'isUpdated': True}"
72,汕头,广东,"{'nowConfirm': 0, 'confirm': 25, 'suspect': 0, 'dead': 0, 'deadRate': '0.00', 'showRate': False, 'heal': 25, 'healRate': '100.00', 'showHeal': True}","{'confirm': 0, 'confirmCuts': 0, 'isUpdated': True}"
73,韶关,广东,"{'nowConfirm': 0, 'confirm': 10, 'suspect': 0, 'dead': 1, 'deadRate': '10.00', 'showRate': False, 'heal': 9, 'healRate': '90.00', 'showHeal': True}","{'confirm': 0, 'confirmCuts': 0, 'isUpdated': True}"
74,清远,广东,"{'nowConfirm': 0, 'confirm': 12, 'suspect': 0, 'dead': 0, 'deadRate': '0.00', 'showRate': False, 'heal': 12, 'healRate': '100.00', 'showHeal': True}","{'confirm': 0, 'confirmCuts': 0, 'isUpdated': True}"
75,汕尾,广东,"{'nowConfirm': 0, 'confirm': 5, 'suspect': 0, 'dead': 0, 'deadRate': '0.00', 'showRate': False, 'heal': 5, 'healRate': '100.00', 'showHeal': True}","{'confirm': 0, 'confirmCuts': 0, 'isUpdated': True}"
76,地区待确认,广东,"{'nowConfirm': 0, 'confirm': 0, 'suspect': 0, 'dead': 0, 'deadRate': '0.00', 'showRate': False, 'heal': 0, 'healRate': '0.00', 'showHeal': True}","{'confirm': 0, 'confirmCuts': 0, 'isUpdated': True}"
77,江门,广东,"{'nowConfirm': 0, 'confirm': 23, 'suspect': 0, 'dead': 0, 'deadRate': '0.00', 'showRate': False, 'heal': 23, 'healRate': '100.00', 'showHeal': True}","{'confirm': 0, 'confirmCuts': 0, 'isUpdated': True}"
78,境外输入,黑龙江,"{'nowConfirm': 86, 'confirm': 87, 'suspect': 0, 'dead': 0, 'deadRate': '0.00', 'showRate': False, 'heal': 1, 'healRate': '1.15', 'showHeal': True}","{'confirm': 25, 'confirmCuts': 0, 'isUpdated': True}"
79,绥化,黑龙江,"{'nowConfirm': 0, 'confirm': 47, 'suspect': 0, 'dead': 4, 'deadRate': '8.51', 'showRate': False, 'heal': 43, 'healRate': '91.49', 'showHeal': True}","{'confirm': 0, 'confirmCuts': 0, 'isUpdated': False}"
80,大兴安岭,黑龙江,"{'nowConfirm': 0, 'confirm': 3, 'suspect': 0, 'dead': 0, 'deadRate': '0.00', 'showRate': False, 'heal': 3, 'healRate': '100.00', 'showHeal': True}","{'confirm': 0, 'confirmCuts': 0, 'isUpdated': False}"
81,黑河,黑龙江,"{'nowConfirm': 0, 'confirm': 14, 'suspect': 0, 'dead': 0, 'deadRate': '0.00', 'showRate': False, 'heal': 14, 'healRate': '100.00', 'showHeal': True}","{'confirm': 0, 'confirmCuts': 0, 'isUpdated': False}"
82,哈尔滨,黑龙江,"{'nowConfirm': 0, 'confirm': 198, 'suspect': 0, 'dead': 4, 'deadRate': '2.02', 'showRate': False, 'heal': 194, 'healRate': '97.98', 'showHeal': True}","{'confirm': 0, 'confirmCuts': 0, 'isUpdated': False}"
83,大庆,黑龙江,"{'nowConfirm': 0, 'confirm': 26, 'suspect': 0, 'dead': 1, 'deadRate': '3.85', 'showRate': False, 'heal': 25, 'healRate': '96.15', 'showHeal': True}","{'confirm': 0, 'confirmCuts': 0, 'isUpdated': False}"
84,双鸭山,黑龙江,"{'nowConfirm': 0, 'confirm': 52, 'suspect': 0, 'dead': 3, 'deadRate': '5.77', 'showRate': False, 'heal': 49, 'healRate': '94.23', 'showHeal': True}","{'confirm': 0, 'confirmCuts': 0, 'isUpdated': False}"
85,齐齐哈尔,黑龙江,"{'nowConfirm': 0, 'confirm': 43, 'suspect': 0, 'dead': 1, 'deadRate': '2.33', 'showRate': False, 'heal': 42, 'healRate': '97.67', 'showHeal': True}","{'confirm': 0, 'confirmCuts': 0, 'isUpdated': False}"
86,牡丹江,黑龙江,"{'nowConfirm': 0, 'confirm': 15, 'suspect': 0, 'dead': 0, 'deadRate': '0.00', 'showRate': False, 'heal': 15, 'healRate': '100.00', 'showHeal': True}","{'confirm': 0, 'confirmCuts': 0, 'isUpdated': False}"
87,鹤岗,黑龙江,"{'nowConfirm': 0, 'confirm': 5, 'suspect': 0, 'dead': 0, 'deadRate': '0.00', 'showRate': False, 'heal': 5, 'healRate': '100.00', 'showHeal': True}","{'confirm': 0, 'confirmCuts': 0, 'isUpdated': False}"
88,七台河,黑龙江,"{'nowConfirm': 0, 'confirm': 17, 'suspect': 0, 'dead': 0, 'deadRate': '0.00', 'showRate': False, 'heal': 17, 'healRate': '100.00', 'showHeal': True}","{'confirm': 0, 'confirmCuts': 0, 'isUpdated': False}"
89,鸡西,黑龙江,"{'nowConfirm': 0, 'confirm': 46, 'suspect': 0, 'dead': 0, 'deadRate': '0.00', 'showRate': False, 'heal': 46, 'healRate': '100.00', 'showHeal': True}","{'confirm': 0, 'confirmCuts': 0, 'isUpdated': False}"
90,伊春,黑龙江,"{'nowConfirm': 0, 'confirm': 1, 'suspect': 0, 'dead': 0, 'deadRate': '0.00', 'showRate': False, 'heal': 1, 'healRate': '100.00', 'showHeal': True}","{'confirm': 0, 'confirmCuts': 0, 'isUpdated': False}"
91,佳木斯,黑龙江,"{'nowConfirm': 0, 'confirm': 15, 'suspect': 0, 'dead': 0, 'deadRate': '0.00', 'showRate': False, 'heal': 15, 'healRate': '100.00', 'showHeal': True}","{'confirm': 0, 'confirmCuts': 0, 'isUpdated': False}"
92,境外输入,内蒙古,"{'nowConfirm': 49, 'confirm': 49, 'suspect': 0, 'dead': 0, 'deadRate': '0.00', 'showRate': False, 'heal': 0, 'healRate': '0.00', 'showHeal': True}","{'confirm': 3, 'confirmCuts': 0, 'isUpdated': True}"
93,包头,内蒙古,"{'nowConfirm': 0, 'confirm': 11, 'suspect': 0, 'dead': 0, 'deadRate': '0.00', 'showRate': False, 'heal': 11, 'healRate': '100.00', 'showHeal': True}","{'confirm': 0, 'confirmCuts': 0, 'isUpdated': False}"
94,呼和浩特,内蒙古,"{'nowConfirm': 0, 'confirm': 7, 'suspect': 0, 'dead': 0, 'deadRate': '0.00', 'showRate': False, 'heal': 7, 'healRate': '100.00', 'showHeal': True}","{'confirm': 0, 'confirmCuts': 0, 'isUpdated': False}"
95,乌兰察布,内蒙古,"{'nowConfirm': 0, 'confirm': 3, 'suspect': 0, 'dead': 0, 'deadRate': '0.00', 'showRate': False, 'heal': 3, 'healRate': '100.00', 'showHeal': True}","{'confirm': 0, 'confirmCuts': 0, 'isUpdated': False}"
96,赤峰,内蒙古,"{'nowConfirm': 0, 'confirm': 9, 'suspect': 0, 'dead': 0, 'deadRate': '0.00', 'showRate': False, 'heal': 9, 'healRate': '100.00', 'showHeal': True}","{'confirm': 0, 'confirmCuts': 0, 'isUpdated': False}"
97,锡林郭勒,内蒙古,"{'nowConfirm': 0, 'confirm': 9, 'suspect': 0, 'dead': 0, 'deadRate': '0.00', 'showRate': False, 'heal': 9, 'healRate': '100.00', 'showHeal': True}","{'confirm': 0, 'confirmCuts': 0, 'isUpdated': False}"
98,通辽,内蒙古,"{'nowConfirm': 0, 'confirm': 7, 'suspect': 0, 'dead': 0, 'deadRate': '0.00', 'showRate': False, 'heal': 7, 'healRate': '100.00', 'showHeal': True}","{'confirm': 0, 'confirmCuts': 0, 'isUpdated': False}"
99,鄂尔多斯,内蒙古,"{'nowConfirm': 0, 'confirm': 11, 'suspect': 0, 'dead': 0, 'deadRate': '0.00', 'showRate': False, 'heal': 11, 'healRate': '100.00', 'showHeal': True}","{'confirm': 0, 'confirmCuts': 0, 'isUpdated': False}"
100,呼伦贝尔,内蒙古,"{'nowConfirm': 0, 'confirm': 7, 'suspect': 0, 'dead': 0, 'deadRate': '0.00', 'showRate': False, 'heal': 7, 'healRate': '100.00', 'showHeal': True}","{'confirm': 0, 'confirmCuts': 0, 'isUpdated': False}"
101,巴彦淖尔,内蒙古,"{'nowConfirm': 0, 'confirm': 8, 'suspect': 0, 'dead': 1, 'deadRate': '12.50', 'showRate': False, 'heal': 7, 'healRate': '87.50', 'showHeal': True}","{'confirm': 0, 'confirmCuts': 0, 'isUpdated': False}"
102,兴安盟,内蒙古,"{'nowConfirm': 0, 'confirm': 1, 'suspect': 0, 'dead': 0, 'deadRate': '0.00', 'showRate': False, 'heal': 1, 'healRate': '100.00', 'showHeal': True}","{'confirm': 0, 'confirmCuts': 0, 'isUpdated': False}"
103,乌海,内蒙古,"{'nowConfirm': 0, 'confirm': 2, 'suspect': 0, 'dead': 0, 'deadRate': '0.00', 'showRate': False, 'heal': 2, 'healRate': '100.00', 'showHeal': True}","{'confirm': 0, 'confirmCuts': 0, 'isUpdated': False}"
104,境外输入,福建,"{'nowConfirm': 43, 'confirm': 55, 'suspect': 0, 'dead': 0, 'deadRate': '0.00', 'showRate': False, 'heal': 12, 'healRate': '21.82', 'showHeal': True}","{'confirm': 0, 'confirmCuts': 0, 'isUpdated': True}"
105,莆田,福建,"{'nowConfirm': 0, 'confirm': 56, 'suspect': 0, 'dead': 0, 'deadRate': '0.00', 'showRate': False, 'heal': 56, 'healRate': '100.00', 'showHeal': True}","{'confirm': 0, 'confirmCuts': 0, 'isUpdated': False}"
106,漳州,福建,"{'nowConfirm': 0, 'confirm': 20, 'suspect': 0, 'dead': 0, 'deadRate': '0.00', 'showRate': False, 'heal': 20, 'healRate': '100.00', 'showHeal': True}","{'confirm': 0, 'confirmCuts': 0, 'isUpdated': False}"
107,地区待确认,福建,"{'nowConfirm': 0, 'confirm': 0, 'suspect': 0, 'dead': 0, 'deadRate': '0.00', 'showRate': False, 'heal': 0, 'healRate': '0.00', 'showHeal': True}","{'confirm': 0, 'confirmCuts': 0, 'isUpdated': False}"
108,宁德,福建,"{'nowConfirm': 0, 'confirm': 26, 'suspect': 0, 'dead': 0, 'deadRate': '0.00', 'showRate': False, 'heal': 26, 'healRate': '100.00', 'showHeal': True}","{'confirm': 0, 'confirmCuts': 0, 'isUpdated': False}"
109,龙岩,福建,"{'nowConfirm': 0, 'confirm': 6, 'suspect': 0, 'dead': 0, 'deadRate': '0.00', 'showRate': False, 'heal': 6, 'healRate': '100.00', 'showHeal': True}","{'confirm': 0, 'confirmCuts': 0, 'isUpdated': False}"
110,南平,福建,"{'nowConfirm': 0, 'confirm': 20, 'suspect': 0, 'dead': 0, 'deadRate': '0.00', 'showRate': False, 'heal': 20, 'healRate': '100.00', 'showHeal': True}","{'confirm': 0, 'confirmCuts': 0, 'isUpdated': False}"
111,三明,福建,"{'nowConfirm': 0, 'confirm': 14, 'suspect': 0, 'dead': 0, 'deadRate': '0.00', 'showRate': False, 'heal': 14, 'healRate': '100.00', 'showHeal': True}","{'confirm': 0, 'confirmCuts': 0, 'isUpdated': False}"
112,泉州,福建,"{'nowConfirm': 0, 'confirm': 47, 'suspect': 0, 'dead': 0, 'deadRate': '0.00', 'showRate': False, 'heal': 47, 'healRate': '100.00', 'showHeal': True}","{'confirm': 0, 'confirmCuts': 0, 'isUpdated': False}"
113,厦门,福建,"{'nowConfirm': 0, 'confirm': 35, 'suspect': 0, 'dead': 0, 'deadRate': '0.00', 'showRate': False, 'heal': 35, 'healRate': '100.00', 'showHeal': True}","{'confirm': 0, 'confirmCuts': 0, 'isUpdated': False}"
114,福州,福建,"{'nowConfirm': 0, 'confirm': 72, 'suspect': 0, 'dead': 1, 'deadRate': '1.39', 'showRate': False, 'heal': 71, 'healRate': '98.61', 'showHeal': True}","{'confirm': 0, 'confirmCuts': 0, 'isUpdated': False}"
115,地区待确认,澳门,"{'nowConfirm': 35, 'confirm': 45, 'suspect': 0, 'dead': 0, 'deadRate': '0.00', 'showRate': False, 'heal': 10, 'healRate': '22.22', 'showHeal': True}","{'confirm': 1, 'confirmCuts': 0, 'isUpdated': True}"
116,境外输入,浙江,"{'nowConfirm': 32, 'confirm': 48, 'suspect': 0, 'dead': 0, 'deadRate': '0.00', 'showRate': False, 'heal': 16, 'healRate': '33.33', 'showHeal': True}","{'confirm': 1, 'confirmCuts': 0, 'isUpdated': True}"
117,嘉兴,浙江,"{'nowConfirm': 1, 'confirm': 46, 'suspect': 0, 'dead': 0, 'deadRate': '0.00', 'showRate': False, 'heal': 45, 'healRate': '97.83', 'showHeal': True}","{'confirm': 0, 'confirmCuts': 0, 'isUpdated': True}"
118,金华,浙江,"{'nowConfirm': 0, 'confirm': 55, 'suspect': 0, 'dead': 0, 'deadRate': '0.00', 'showRate': False, 'heal': 55, 'healRate': '100.00', 'showHeal': True}","{'confirm': 0, 'confirmCuts': 0, 'isUpdated': True}"
119,丽水,浙江,"{'nowConfirm': 0, 'confirm': 17, 'suspect': 0, 'dead': 0, 'deadRate': '0.00', 'showRate': False, 'heal': 17, 'healRate': '100.00', 'showHeal': True}","{'confirm': 0, 'confirmCuts': 0, 'isUpdated': True}"
120,台州,浙江,"{'nowConfirm': 0, 'confirm': 146, 'suspect': 0, 'dead': 0, 'deadRate': '0.00', 'showRate': False, 'heal': 146, 'healRate': '100.00', 'showHeal': True}","{'confirm': 0, 'confirmCuts': 0, 'isUpdated': True}"
121,舟山,浙江,"{'nowConfirm': 0, 'confirm': 10, 'suspect': 0, 'dead': 0, 'deadRate': '0.00', 'showRate': False, 'heal': 10, 'healRate': '100.00', 'showHeal': True}","{'confirm': 0, 'confirmCuts': 0, 'isUpdated': True}"
122,衢州,浙江,"{'nowConfirm': 0, 'confirm': 14, 'suspect': 0, 'dead': 0, 'deadRate': '0.00', 'showRate': False, 'heal': 14, 'healRate': '100.00', 'showHeal': True}","{'confirm': 0, 'confirmCuts': 0, 'isUpdated': True}"
123,绍兴,浙江,"{'nowConfirm': 0, 'confirm': 42, 'suspect': 0, 'dead': 0, 'deadRate': '0.00', 'showRate': False, 'heal': 42, 'healRate': '100.00', 'showHeal': True}","{'confirm': 0, 'confirmCuts': 0, 'isUpdated': True}"
124,省十里丰监狱,浙江,"{'nowConfirm': 0, 'confirm': 36, 'suspect': 0, 'dead': 0, 'deadRate': '0.00', 'showRate': False, 'heal': 36, 'healRate': '100.00', 'showHeal': True}","{'confirm': 0, 'confirmCuts': 0, 'isUpdated': True}"
125,湖州,浙江,"{'nowConfirm': 0, 'confirm': 10, 'suspect': 0, 'dead': 0, 'deadRate': '0.00', 'showRate': False, 'heal': 10, 'healRate': '100.00', 'showHeal': True}","{'confirm': 0, 'confirmCuts': 0, 'isUpdated': True}"
126,温州,浙江,"{'nowConfirm': 0, 'confirm': 504, 'suspect': 0, 'dead': 1, 'deadRate': '0.20', 'showRate': False, 'heal': 503, 'healRate': '99.80', 'showHeal': True}","{'confirm': 0, 'confirmCuts': 0, 'isUpdated': True}"
127,宁波,浙江,"{'nowConfirm': 0, 'confirm': 157, 'suspect': 0, 'dead': 0, 'deadRate': '0.00', 'showRate': False, 'heal': 157, 'healRate': '100.00', 'showHeal': True}","{'confirm': 0, 'confirmCuts': 0, 'isUpdated': True}"
128,杭州,浙江,"{'nowConfirm': 0, 'confirm': 181, 'suspect': 0, 'dead': 0, 'deadRate': '0.00', 'showRate': False, 'heal': 181, 'healRate': '100.00', 'showHeal': True}","{'confirm': 0, 'confirmCuts': 0, 'isUpdated': True}"
129,境外输入,山西,"{'nowConfirm': 29, 'confirm': 30, 'suspect': 0, 'dead': 0, 'deadRate': '0.00', 'showRate': False, 'heal': 1, 'healRate': '3.33', 'showHeal': True}","{'confirm': 25, 'confirmCuts': 0, 'isUpdated': True}"
130,晋中,山西,"{'nowConfirm': 0, 'confirm': 37, 'suspect': 0, 'dead': 0, 'deadRate': '0.00', 'showRate': False, 'heal': 37, 'healRate': '100.00', 'showHeal': True}","{'confirm': 0, 'confirmCuts': 0, 'isUpdated': False}"
131,大同,山西,"{'nowConfirm': 0, 'confirm': 12, 'suspect': 0, 'dead': 0, 'deadRate': '0.00', 'showRate': False, 'heal': 12, 'healRate': '100.00', 'showHeal': True}","{'confirm': 0, 'confirmCuts': 0, 'isUpdated': False}"
132,运城,山西,"{'nowConfirm': 0, 'confirm': 19, 'suspect': 0, 'dead': 0, 'deadRate': '0.00', 'showRate': False, 'heal': 19, 'healRate': '100.00', 'showHeal': True}","{'confirm': 0, 'confirmCuts': 0, 'isUpdated': False}"
133,忻州,山西,"{'nowConfirm': 0, 'confirm': 7, 'suspect': 0, 'dead': 0, 'deadRate': '0.00', 'showRate': False, 'heal': 7, 'healRate': '100.00', 'showHeal': True}","{'confirm': 0, 'confirmCuts': 0, 'isUpdated': False}"
134,晋城,山西,"{'nowConfirm': 0, 'confirm': 10, 'suspect': 0, 'dead': 0, 'deadRate': '0.00', 'showRate': False, 'heal': 10, 'healRate': '100.00', 'showHeal': True}","{'confirm': 0, 'confirmCuts': 0, 'isUpdated': False}"
135,长治,山西,"{'nowConfirm': 0, 'confirm': 8, 'suspect': 0, 'dead': 0, 'deadRate': '0.00', 'showRate': False, 'heal': 8, 'healRate': '100.00', 'showHeal': True}","{'confirm': 0, 'confirmCuts': 0, 'isUpdated': False}"
136,太原,山西,"{'nowConfirm': 0, 'confirm': 20, 'suspect': 0, 'dead': 0, 'deadRate': '0.00', 'showRate': False, 'heal': 20, 'healRate': '100.00', 'showHeal': True}","{'confirm': 0, 'confirmCuts': 0, 'isUpdated': False}"
137,朔州,山西,"{'nowConfirm': 0, 'confirm': 8, 'suspect': 0, 'dead': 0, 'deadRate': '0.00', 'showRate': False, 'heal': 8, 'healRate': '100.00', 'showHeal': True}","{'confirm': 0, 'confirmCuts': 0, 'isUpdated': False}"
138,临汾,山西,"{'nowConfirm': 0, 'confirm': 2, 'suspect': 0, 'dead': 0, 'deadRate': '0.00', 'showRate': False, 'heal': 2, 'healRate': '100.00', 'showHeal': True}","{'confirm': 0, 'confirmCuts': 0, 'isUpdated': False}"
139,阳泉,山西,"{'nowConfirm': 0, 'confirm': 4, 'suspect': 0, 'dead': 0, 'deadRate': '0.00', 'showRate': False, 'heal': 4, 'healRate': '100.00', 'showHeal': True}","{'confirm': 0, 'confirmCuts': 0, 'isUpdated': False}"
140,吕梁,山西,"{'nowConfirm': 0, 'confirm': 6, 'suspect': 0, 'dead': 0, 'deadRate': '0.00', 'showRate': False, 'heal': 6, 'healRate': '100.00', 'showHeal': True}","{'confirm': 0, 'confirmCuts': 0, 'isUpdated': False}"
141,境外输入,天津,"{'nowConfirm': 25, 'confirm': 44, 'suspect': 0, 'dead': 0, 'deadRate': '0.00', 'showRate': False, 'heal': 19, 'healRate': '43.18', 'showHeal': True}","{'confirm': 0, 'confirmCuts': 0, 'isUpdated': True}"
142,和平区,天津,"{'nowConfirm': 0, 'confirm': 6, 'suspect': 0, 'dead': 0, 'deadRate': '0.00', 'showRate': False, 'heal': 6, 'healRate': '100.00', 'showHeal': True}","{'confirm': 0, 'confirmCuts': 0, 'isUpdated': False}"
143,河北区,天津,"{'nowConfirm': 0, 'confirm': 12, 'suspect': 0, 'dead': 0, 'deadRate': '0.00', 'showRate': False, 'heal': 12, 'healRate': '100.00', 'showHeal': True}","{'confirm': 0, 'confirmCuts': 0, 'isUpdated': False}"
144,津南区,天津,"{'nowConfirm': 0, 'confirm': 2, 'suspect': 0, 'dead': 0, 'deadRate': '0.00', 'showRate': False, 'heal': 2, 'healRate': '100.00', 'showHeal': True}","{'confirm': 0, 'confirmCuts': 0, 'isUpdated': False}"
145,北辰区,天津,"{'nowConfirm': 0, 'confirm': 6, 'suspect': 0, 'dead': 0, 'deadRate': '0.00', 'showRate': False, 'heal': 6, 'healRate': '100.00', 'showHeal': True}","{'confirm': 0, 'confirmCuts': 0, 'isUpdated': False}"
146,南开区,天津,"{'nowConfirm': 0, 'confirm': 6, 'suspect': 0, 'dead': 0, 'deadRate': '0.00', 'showRate': False, 'heal': 6, 'healRate': '100.00', 'showHeal': True}","{'confirm': 0, 'confirmCuts': 0, 'isUpdated': False}"
147,河东区,天津,"{'nowConfirm': 0, 'confirm': 15, 'suspect': 0, 'dead': 1, 'deadRate': '6.67', 'showRate': False, 'heal': 14, 'healRate': '93.33', 'showHeal': True}","{'confirm': 0, 'confirmCuts': 0, 'isUpdated': False}"
148,宁河区,天津,"{'nowConfirm': 0, 'confirm': 4, 'suspect': 0, 'dead': 0, 'deadRate': '0.00', 'showRate': False, 'heal': 4, 'healRate': '100.00', 'showHeal': True}","{'confirm': 0, 'confirmCuts': 0, 'isUpdated': False}"
149,宝坻区,天津,"{'nowConfirm': 0, 'confirm': 60, 'suspect': 0, 'dead': 2, 'deadRate': '3.33', 'showRate': False, 'heal': 58, 'healRate': '96.67', 'showHeal': True}","{'confirm': 0, 'confirmCuts': 0, 'isUpdated': False}"
150,外地来津,天津,"{'nowConfirm': 0, 'confirm': 6, 'suspect': 0, 'dead': 0, 'deadRate': '0.00', 'showRate': False, 'heal': 6, 'healRate': '100.00', 'showHeal': True}","{'confirm': 0, 'confirmCuts': 0, 'isUpdated': False}"
151,滨海新区,天津,"{'nowConfirm': 0, 'confirm': 3, 'suspect': 0, 'dead': 0, 'deadRate': '0.00', 'showRate': False, 'heal': 3, 'healRate': '100.00', 'showHeal': True}","{'confirm': 0, 'confirmCuts': 0, 'isUpdated': False}"
152,武清区,天津,"{'nowConfirm': 0, 'confirm': 2, 'suspect': 0, 'dead': 0, 'deadRate': '0.00', 'showRate': False, 'heal': 2, 'healRate': '100.00', 'showHeal': True}","{'confirm': 0, 'confirmCuts': 0, 'isUpdated': False}"
153,东丽区,天津,"{'nowConfirm': 0, 'confirm': 4, 'suspect': 0, 'dead': 0, 'deadRate': '0.00', 'showRate': False, 'heal': 4, 'healRate': '100.00', 'showHeal': True}","{'confirm': 0, 'confirmCuts': 0, 'isUpdated': False}"
154,河西区,天津,"{'nowConfirm': 0, 'confirm': 4, 'suspect': 0, 'dead': 0, 'deadRate': '0.00', 'showRate': False, 'heal': 4, 'healRate': '100.00', 'showHeal': True}","{'confirm': 0, 'confirmCuts': 0, 'isUpdated': False}"
155,西青区,天津,"{'nowConfirm': 0, 'confirm': 4, 'suspect': 0, 'dead': 0, 'deadRate': '0.00', 'showRate': False, 'heal': 4, 'healRate': '100.00', 'showHeal': True}","{'confirm': 0, 'confirmCuts': 0, 'isUpdated': False}"
156,红桥区,天津,"{'nowConfirm': 0, 'confirm': 2, 'suspect': 0, 'dead': 0, 'deadRate': '0.00', 'showRate': False, 'heal': 2, 'healRate': '100.00', 'showHeal': True}","{'confirm': 0, 'confirmCuts': 0, 'isUpdated': False}"
157,境外输入,山东,"{'nowConfirm': 19, 'confirm': 22, 'suspect': 0, 'dead': 0, 'deadRate': '0.00', 'showRate': False, 'heal': 3, 'healRate': '13.64', 'showHeal': True}","{'confirm': 0, 'confirmCuts': 0, 'isUpdated': False}"
158,青岛,山东,"{'nowConfirm': 2, 'confirm': 63, 'suspect': 0, 'dead': 1, 'deadRate': '1.59', 'showRate': False, 'heal': 60, 'healRate': '95.24', 'showHeal': True}","{'confirm': 2, 'confirmCuts': 0, 'isUpdated': True}"
159,泰安,山东,"{'nowConfirm': 0, 'confirm': 35, 'suspect': 0, 'dead': 2, 'deadRate': '5.71', 'showRate': False, 'heal': 33, 'healRate': '94.29', 'showHeal': True}","{'confirm': 0, 'confirmCuts': 0, 'isUpdated': False}"
160,济南,山东,"{'nowConfirm': 0, 'confirm': 47, 'suspect': 0, 'dead': 0, 'deadRate': '0.00', 'showRate': False, 'heal': 47, 'healRate': '100.00', 'showHeal': True}","{'confirm': 0, 'confirmCuts': 0, 'isUpdated': False}"
161,烟台,山东,"{'nowConfirm': 0, 'confirm': 47, 'suspect': 0, 'dead': 0, 'deadRate': '0.00', 'showRate': False, 'heal': 47, 'healRate': '100.00', 'showHeal': True}","{'confirm': 0, 'confirmCuts': 0, 'isUpdated': False}"
162,淄博,山东,"{'nowConfirm': 0, 'confirm': 30, 'suspect': 0, 'dead': 1, 'deadRate': '3.33', 'showRate': False, 'heal': 29, 'healRate': '96.67', 'showHeal': True}","{'confirm': 0, 'confirmCuts': 0, 'isUpdated': False}"
163,枣庄,山东,"{'nowConfirm': 0, 'confirm': 24, 'suspect': 0, 'dead': 0, 'deadRate': '0.00', 'showRate': False, 'heal': 24, 'healRate': '100.00', 'showHeal': True}","{'confirm': 0, 'confirmCuts': 0, 'isUpdated': False}"
164,潍坊,山东,"{'nowConfirm': 0, 'confirm': 44, 'suspect': 0, 'dead': 0, 'deadRate': '0.00', 'showRate': False, 'heal': 44, 'healRate': '100.00', 'showHeal': True}","{'confirm': 0, 'confirmCuts': 0, 'isUpdated': False}"
165,济宁,山东,"{'nowConfirm': 0, 'confirm': 260, 'suspect': 0, 'dead': 0, 'deadRate': '0.00', 'showRate': False, 'heal': 260, 'healRate': '100.00', 'showHeal': True}","{'confirm': 0, 'confirmCuts': 0, 'isUpdated': False}"
166,威海,山东,"{'nowConfirm': 0, 'confirm': 38, 'suspect': 0, 'dead': 1, 'deadRate': '2.63', 'showRate': False, 'heal': 37, 'healRate': '97.37', 'showHeal': True}","{'confirm': 0, 'confirmCuts': 0, 'isUpdated': False}"
167,日照,山东,"{'nowConfirm': 0, 'confirm': 16, 'suspect': 0, 'dead': 0, 'deadRate': '0.00', 'showRate': False, 'heal': 16, 'healRate': '100.00', 'showHeal': True}","{'confirm': 0, 'confirmCuts': 0, 'isUpdated': False}"
168,临沂,山东,"{'nowConfirm': 0, 'confirm': 49, 'suspect': 0, 'dead': 0, 'deadRate': '0.00', 'showRate': False, 'heal': 49, 'healRate': '100.00', 'showHeal': True}","{'confirm': 0, 'confirmCuts': 0, 'isUpdated': False}"
169,德州,山东,"{'nowConfirm': 0, 'confirm': 37, 'suspect': 0, 'dead': 2, 'deadRate': '5.41', 'showRate': False, 'heal': 35, 'healRate': '94.59', 'showHeal': True}","{'confirm': 0, 'confirmCuts': 0, 'isUpdated': False}"
170,聊城,山东,"{'nowConfirm': 0, 'confirm': 38, 'suspect': 0, 'dead': 0, 'deadRate': '0.00', 'showRate': False, 'heal': 38, 'healRate': '100.00', 'showHeal': True}","{'confirm': 0, 'confirmCuts': 0, 'isUpdated': False}"
171,滨州,山东,"{'nowConfirm': 0, 'confirm': 15, 'suspect': 0, 'dead': 0, 'deadRate': '0.00', 'showRate': False, 'heal': 15, 'healRate': '100.00', 'showHeal': True}","{'confirm': 0, 'confirmCuts': 0, 'isUpdated': False}"
172,菏泽,山东,"{'nowConfirm': 0, 'confirm': 18, 'suspect': 0, 'dead': 0, 'deadRate': '0.00', 'showRate': False, 'heal': 18, 'healRate': '100.00', 'showHeal': True}","{'confirm': 0, 'confirmCuts': 0, 'isUpdated': False}"
173,境外输入,江苏,"{'nowConfirm': 18, 'confirm': 20, 'suspect': 0, 'dead': 0, 'deadRate': '0.00', 'showRate': False, 'heal': 2, 'healRate': '10.00', 'showHeal': True}","{'confirm': 0, 'confirmCuts': 0, 'isUpdated': False}"
174,连云港,江苏,"{'nowConfirm': 0, 'confirm': 48, 'suspect': 0, 'dead': 0, 'deadRate': '0.00', 'showRate': False, 'heal': 48, 'healRate': '100.00', 'showHeal': True}","{'confirm': 0, 'confirmCuts': 0, 'isUpdated': False}"
175,南通,江苏,"{'nowConfirm': 0, 'confirm': 40, 'suspect': 0, 'dead': 0, 'deadRate': '0.00', 'showRate': False, 'heal': 40, 'healRate': '100.00', 'showHeal': True}","{'confirm': 0, 'confirmCuts': 0, 'isUpdated': False}"
176,苏州,江苏,"{'nowConfirm': 0, 'confirm': 87, 'suspect': 0, 'dead': 0, 'deadRate': '0.00', 'showRate': False, 'heal': 87, 'healRate': '100.00', 'showHeal': True}","{'confirm': 0, 'confirmCuts': 0, 'isUpdated': False}"
177,南京,江苏,"{'nowConfirm': 0, 'confirm': 93, 'suspect': 0, 'dead': 0, 'deadRate': '0.00', 'showRate': False, 'heal': 93, 'healRate': '100.00', 'showHeal': True}","{'confirm': 0, 'confirmCuts': 0, 'isUpdated': False}"
178,无锡,江苏,"{'nowConfirm': 0, 'confirm': 55, 'suspect': 0, 'dead': 0, 'deadRate': '0.00', 'showRate': False, 'heal': 55, 'healRate': '100.00', 'showHeal': True}","{'confirm': 0, 'confirmCuts': 0, 'isUpdated': False}"
179,徐州,江苏,"{'nowConfirm': 0, 'confirm': 79, 'suspect': 0, 'dead': 0, 'deadRate': '0.00', 'showRate': False, 'heal': 79, 'healRate': '100.00', 'showHeal': True}","{'confirm': 0, 'confirmCuts': 0, 'isUpdated': False}"
180,宿迁,江苏,"{'nowConfirm': 0, 'confirm': 13, 'suspect': 0, 'dead': 0, 'deadRate': '0.00', 'showRate': False, 'heal': 13, 'healRate': '100.00', 'showHeal': True}","{'confirm': 0, 'confirmCuts': 0, 'isUpdated': False}"
181,淮安,江苏,"{'nowConfirm': 0, 'confirm': 66, 'suspect': 0, 'dead': 0, 'deadRate': '0.00', 'showRate': False, 'heal': 66, 'healRate': '100.00', 'showHeal': True}","{'confirm': 0, 'confirmCuts': 0, 'isUpdated': False}"
182,镇江,江苏,"{'nowConfirm': 0, 'confirm': 12, 'suspect': 0, 'dead': 0, 'deadRate': '0.00', 'showRate': False, 'heal': 12, 'healRate': '100.00', 'showHeal': True}","{'confirm': 0, 'confirmCuts': 0, 'isUpdated': False}"
183,常州,江苏,"{'nowConfirm': 0, 'confirm': 51, 'suspect': 0, 'dead': 0, 'deadRate': '0.00', 'showRate': False, 'heal': 51, 'healRate': '100.00', 'showHeal': True}","{'confirm': 0, 'confirmCuts': 0, 'isUpdated': False}"
184,扬州,江苏,"{'nowConfirm': 0, 'confirm': 23, 'suspect': 0, 'dead': 0, 'deadRate': '0.00', 'showRate': False, 'heal': 23, 'healRate': '100.00', 'showHeal': True}","{'confirm': 0, 'confirmCuts': 0, 'isUpdated': False}"
185,盐城,江苏,"{'nowConfirm': 0, 'confirm': 27, 'suspect': 0, 'dead': 0, 'deadRate': '0.00', 'showRate': False, 'heal': 27, 'healRate': '100.00', 'showHeal': True}","{'confirm': 0, 'confirmCuts': 0, 'isUpdated': False}"
186,泰州,江苏,"{'nowConfirm': 0, 'confirm': 37, 'suspect': 0, 'dead': 0, 'deadRate': '0.00', 'showRate': False, 'heal': 37, 'healRate': '100.00', 'showHeal': True}","{'confirm': 0, 'confirmCuts': 0, 'isUpdated': False}"
187,境外输入,四川,"{'nowConfirm': 16, 'confirm': 21, 'suspect': 0, 'dead': 0, 'deadRate': '0.00', 'showRate': False, 'heal': 5, 'healRate': '23.81', 'showHeal': True}","{'confirm': 0, 'confirmCuts': 0, 'isUpdated': False}"
188,甘孜,四川,"{'nowConfirm': 0, 'confirm': 78, 'suspect': 0, 'dead': 0, 'deadRate': '0.00', 'showRate': False, 'heal': 78, 'healRate': '100.00', 'showHeal': True}","{'confirm': 0, 'confirmCuts': 0, 'isUpdated': False}"
189,成都,四川,"{'nowConfirm': 0, 'confirm': 144, 'suspect': 0, 'dead': 3, 'deadRate': '2.08', 'showRate': False, 'heal': 141, 'healRate': '97.92', 'showHeal': True}","{'confirm': 0, 'confirmCuts': 0, 'isUpdated': False}"
190,内江,四川,"{'nowConfirm': 0, 'confirm': 22, 'suspect': 0, 'dead': 0, 'deadRate': '0.00', 'showRate': False, 'heal': 22, 'healRate': '100.00', 'showHeal': True}","{'confirm': 0, 'confirmCuts': 0, 'isUpdated': False}"
191,自贡,四川,"{'nowConfirm': 0, 'confirm': 9, 'suspect': 0, 'dead': 0, 'deadRate': '0.00', 'showRate': False, 'heal': 9, 'healRate': '100.00', 'showHeal': True}","{'confirm': 0, 'confirmCuts': 0, 'isUpdated': False}"
192,攀枝花,四川,"{'nowConfirm': 0, 'confirm': 16, 'suspect': 0, 'dead': 0, 'deadRate': '0.00', 'showRate': False, 'heal': 16, 'healRate': '100.00', 'showHeal': True}","{'confirm': 0, 'confirmCuts': 0, 'isUpdated': False}"
193,泸州,四川,"{'nowConfirm': 0, 'confirm': 24, 'suspect': 0, 'dead': 0, 'deadRate': '0.00', 'showRate': False, 'heal': 24, 'healRate': '100.00', 'showHeal': True}","{'confirm': 0, 'confirmCuts': 0, 'isUpdated': False}"
194,德阳,四川,"{'nowConfirm': 0, 'confirm': 18, 'suspect': 0, 'dead': 0, 'deadRate': '0.00', 'showRate': False, 'heal': 18, 'healRate': '100.00', 'showHeal': True}","{'confirm': 0, 'confirmCuts': 0, 'isUpdated': False}"
195,绵阳,四川,"{'nowConfirm': 0, 'confirm': 22, 'suspect': 0, 'dead': 0, 'deadRate': '0.00', 'showRate': False, 'heal': 22, 'healRate': '100.00', 'showHeal': True}","{'confirm': 0, 'confirmCuts': 0, 'isUpdated': False}"
196,广元,四川,"{'nowConfirm': 0, 'confirm': 6, 'suspect': 0, 'dead': 0, 'deadRate': '0.00', 'showRate': False, 'heal': 6, 'healRate': '100.00', 'showHeal': True}","{'confirm': 0, 'confirmCuts': 0, 'isUpdated': False}"
197,凉山,四川,"{'nowConfirm': 0, 'confirm': 13, 'suspect': 0, 'dead': 0, 'deadRate': '0.00', 'showRate': False, 'heal': 13, 'healRate': '100.00', 'showHeal': True}","{'confirm': 0, 'confirmCuts': 0, 'isUpdated': False}"
198,眉山,四川,"{'nowConfirm': 0, 'confirm': 8, 'suspect': 0, 'dead': 0, 'deadRate': '0.00', 'showRate': False, 'heal': 8, 'healRate': '100.00', 'showHeal': True}","{'confirm': 0, 'confirmCuts': 0, 'isUpdated': False}"
199,阿坝,四川,"{'nowConfirm': 0, 'confirm': 1, 'suspect': 0, 'dead': 0, 'deadRate': '0.00', 'showRate': False, 'heal': 1, 'healRate': '100.00', 'showHeal': True}","{'confirm': 0, 'confirmCuts': 0, 'isUpdated': False}"
200,资阳,四川,"{'nowConfirm': 0, 'confirm': 4, 'suspect': 0, 'dead': 0, 'deadRate': '0.00', 'showRate': False, 'heal': 4, 'healRate': '100.00', 'showHeal': True}","{'confirm': 0, 'confirmCuts': 0, 'isUpdated': False}"
201,遂宁,四川,"{'nowConfirm': 0, 'confirm': 17, 'suspect': 0, 'dead': 0, 'deadRate': '0.00', 'showRate': False, 'heal': 17, 'healRate': '100.00', 'showHeal': True}","{'confirm': 0, 'confirmCuts': 0, 'isUpdated': False}"
202,雅安,四川,"{'nowConfirm': 0, 'confirm': 7, 'suspect': 0, 'dead': 0, 'deadRate': '0.00', 'showRate': False, 'heal': 7, 'healRate': '100.00', 'showHeal': True}","{'confirm': 0, 'confirmCuts': 0, 'isUpdated': False}"
203,巴中,四川,"{'nowConfirm': 0, 'confirm': 24, 'suspect': 0, 'dead': 0, 'deadRate': '0.00', 'showRate': False, 'heal': 24, 'healRate': '100.00', 'showHeal': True}","{'confirm': 0, 'confirmCuts': 0, 'isUpdated': False}"
204,达州,四川,"{'nowConfirm': 0, 'confirm': 42, 'suspect': 0, 'dead': 0, 'deadRate': '0.00', 'showRate': False, 'heal': 42, 'healRate': '100.00', 'showHeal': True}","{'confirm': 0, 'confirmCuts': 0, 'isUpdated': False}"
205,广安,四川,"{'nowConfirm': 0, 'confirm': 30, 'suspect': 0, 'dead': 0, 'deadRate': '0.00', 'showRate': False, 'heal': 30, 'healRate': '100.00', 'showHeal': True}","{'confirm': 0, 'confirmCuts': 0, 'isUpdated': False}"
206,宜宾,四川,"{'nowConfirm': 0, 'confirm': 12, 'suspect': 0, 'dead': 0, 'deadRate': '0.00', 'showRate': False, 'heal': 12, 'healRate': '100.00', 'showHeal': True}","{'confirm': 0, 'confirmCuts': 0, 'isUpdated': False}"
207,南充,四川,"{'nowConfirm': 0, 'confirm': 39, 'suspect': 0, 'dead': 0, 'deadRate': '0.00', 'showRate': False, 'heal': 39, 'healRate': '100.00', 'showHeal': True}","{'confirm': 0, 'confirmCuts': 0, 'isUpdated': False}"
208,乐山,四川,"{'nowConfirm': 0, 'confirm': 3, 'suspect': 0, 'dead': 0, 'deadRate': '0.00', 'showRate': False, 'heal': 3, 'healRate': '100.00', 'showHeal': True}","{'confirm': 0, 'confirmCuts': 0, 'isUpdated': False}"
209,境外输入,辽宁,"{'nowConfirm': 10, 'confirm': 20, 'suspect': 0, 'dead': 0, 'deadRate': '0.00', 'showRate': False, 'heal': 10, 'healRate': '50.00', 'showHeal': True}","{'confirm': 0, 'confirmCuts': 0, 'isUpdated': True}"
210,大连,辽宁,"{'nowConfirm': 1, 'confirm': 18, 'suspect': 0, 'dead': 0, 'deadRate': '0.00', 'showRate': False, 'heal': 17, 'healRate': '94.44', 'showHeal': True}","{'confirm': 0, 'confirmCuts': 0, 'isUpdated': False}"
211,鞍山,辽宁,"{'nowConfirm': 0, 'confirm': 4, 'suspect': 0, 'dead': 0, 'deadRate': '0.00', 'showRate': False, 'heal': 4, 'healRate': '100.00', 'showHeal': True}","{'confirm': 0, 'confirmCuts': 0, 'isUpdated': False}"
212,朝阳市,辽宁,"{'nowConfirm': 0, 'confirm': 6, 'suspect': 0, 'dead': 1, 'deadRate': '16.67', 'showRate': False, 'heal': 5, 'healRate': '83.33', 'showHeal': True}","{'confirm': 0, 'confirmCuts': 0, 'isUpdated': False}"
213,丹东,辽宁,"{'nowConfirm': 0, 'confirm': 11, 'suspect': 0, 'dead': 0, 'deadRate': '0.00', 'showRate': False, 'heal': 11, 'healRate': '100.00', 'showHeal': True}","{'confirm': 0, 'confirmCuts': 0, 'isUpdated': False}"
214,葫芦岛,辽宁,"{'nowConfirm': 0, 'confirm': 12, 'suspect': 0, 'dead': 1, 'deadRate': '8.33', 'showRate': False, 'heal': 11, 'healRate': '91.67', 'showHeal': True}","{'confirm': 0, 'confirmCuts': 0, 'isUpdated': False}"
215,铁岭,辽宁,"{'nowConfirm': 0, 'confirm': 7, 'suspect': 0, 'dead': 0, 'deadRate': '0.00', 'showRate': False, 'heal': 7, 'healRate': '100.00', 'showHeal': True}","{'confirm': 0, 'confirmCuts': 0, 'isUpdated': False}"
216,沈阳,辽宁,"{'nowConfirm': 0, 'confirm': 28, 'suspect': 0, 'dead': 0, 'deadRate': '0.00', 'showRate': False, 'heal': 28, 'healRate': '100.00', 'showHeal': True}","{'confirm': 0, 'confirmCuts': 0, 'isUpdated': False}"
217,锦州,辽宁,"{'nowConfirm': 0, 'confirm': 12, 'suspect': 0, 'dead': 0, 'deadRate': '0.00', 'showRate': False, 'heal': 12, 'healRate': '100.00', 'showHeal': True}","{'confirm': 0, 'confirmCuts': 0, 'isUpdated': False}"
218,盘锦,辽宁,"{'nowConfirm': 0, 'confirm': 11, 'suspect': 0, 'dead': 0, 'deadRate': '0.00', 'showRate': False, 'heal': 11, 'healRate': '100.00', 'showHeal': True}","{'confirm': 0, 'confirmCuts': 0, 'isUpdated': False}"
219,阜新,辽宁,"{'nowConfirm': 0, 'confirm': 8, 'suspect': 0, 'dead': 0, 'deadRate': '0.00', 'showRate': False, 'heal': 8, 'healRate': '100.00', 'showHeal': True}","{'confirm': 0, 'confirmCuts': 0, 'isUpdated': False}"
220,本溪,辽宁,"{'nowConfirm': 0, 'confirm': 3, 'suspect': 0, 'dead': 0, 'deadRate': '0.00', 'showRate': False, 'heal': 3, 'healRate': '100.00', 'showHeal': True}","{'confirm': 0, 'confirmCuts': 0, 'isUpdated': False}"
221,辽阳,辽宁,"{'nowConfirm': 0, 'confirm': 3, 'suspect': 0, 'dead': 0, 'deadRate': '0.00', 'showRate': False, 'heal': 3, 'healRate': '100.00', 'showHeal': True}","{'confirm': 0, 'confirmCuts': 0, 'isUpdated': False}"
222,营口,辽宁,"{'nowConfirm': 0, 'confirm': 1, 'suspect': 0, 'dead': 0, 'deadRate': '0.00', 'showRate': False, 'heal': 1, 'healRate': '100.00', 'showHeal': True}","{'confirm': 0, 'confirmCuts': 0, 'isUpdated': False}"
223,境外输入,河北,"{'nowConfirm': 9, 'confirm': 9, 'suspect': 0, 'dead': 0, 'deadRate': '0.00', 'showRate': False, 'heal': 0, 'healRate': '0.00', 'showHeal': True}","{'confirm': 0, 'confirmCuts': 0, 'isUpdated': False}"
224,唐山,河北,"{'nowConfirm': 0, 'confirm': 58, 'suspect': 0, 'dead': 1, 'deadRate': '1.72', 'showRate': False, 'heal': 57, 'healRate': '98.28', 'showHeal': True}","{'confirm': 0, 'confirmCuts': 0, 'isUpdated': False}"
225,张家口,河北,"{'nowConfirm': 0, 'confirm': 41, 'suspect': 0, 'dead': 0, 'deadRate': '0.00', 'showRate': False, 'heal': 41, 'healRate': '100.00', 'showHeal': True}","{'confirm': 0, 'confirmCuts': 0, 'isUpdated': False}"
226,邯郸,河北,"{'nowConfirm': 0, 'confirm': 32, 'suspect': 0, 'dead': 0, 'deadRate': '0.00', 'showRate': False, 'heal': 32, 'healRate': '100.00', 'showHeal': True}","{'confirm': 0, 'confirmCuts': 0, 'isUpdated': False}"
227,石家庄,河北,"{'nowConfirm': 0, 'confirm': 29, 'suspect': 0, 'dead': 0, 'deadRate': '0.00', 'showRate': False, 'heal': 29, 'healRate': '100.00', 'showHeal': True}","{'confirm': 0, 'confirmCuts': 0, 'isUpdated': False}"
228,承德,河北,"{'nowConfirm': 0, 'confirm': 7, 'suspect': 0, 'dead': 0, 'deadRate': '0.00', 'showRate': False, 'heal': 7, 'healRate': '100.00', 'showHeal': True}","{'confirm': 0, 'confirmCuts': 0, 'isUpdated': False}"
229,衡水,河北,"{'nowConfirm': 0, 'confirm': 8, 'suspect': 0, 'dead': 0, 'deadRate': '0.00', 'showRate': False, 'heal': 8, 'healRate': '100.00', 'showHeal': True}","{'confirm': 0, 'confirmCuts': 0, 'isUpdated': False}"
230,秦皇岛,河北,"{'nowConfirm': 0, 'confirm': 10, 'suspect': 0, 'dead': 1, 'deadRate': '10.00', 'showRate': False, 'heal': 9, 'healRate': '90.00', 'showHeal': True}","{'confirm': 0, 'confirmCuts': 0, 'isUpdated': False}"
231,邢台,河北,"{'nowConfirm': 0, 'confirm': 23, 'suspect': 0, 'dead': 1, 'deadRate': '4.35', 'showRate': False, 'heal': 22, 'healRate': '95.65', 'showHeal': True}","{'confirm': 0, 'confirmCuts': 0, 'isUpdated': False}"
232,廊坊,河北,"{'nowConfirm': 0, 'confirm': 30, 'suspect': 0, 'dead': 0, 'deadRate': '0.00', 'showRate': False, 'heal': 30, 'healRate': '100.00', 'showHeal': True}","{'confirm': 0, 'confirmCuts': 0, 'isUpdated': False}"
233,保定,河北,"{'nowConfirm': 0, 'confirm': 32, 'suspect': 0, 'dead': 0, 'deadRate': '0.00', 'showRate': False, 'heal': 32, 'healRate': '100.00', 'showHeal': True}","{'confirm': 0, 'confirmCuts': 0, 'isUpdated': False}"
234,沧州,河北,"{'nowConfirm': 0, 'confirm': 48, 'suspect': 0, 'dead': 3, 'deadRate': '6.25', 'showRate': False, 'heal': 45, 'healRate': '93.75', 'showHeal': True}","{'confirm': 0, 'confirmCuts': 0, 'isUpdated': False}"
235,境外输入,云南,"{'nowConfirm': 9, 'confirm': 10, 'suspect': 0, 'dead': 0, 'deadRate': '0.00', 'showRate': False, 'heal': 1, 'healRate': '10.00', 'showHeal': True}","{'confirm': 0, 'confirmCuts': 0, 'isUpdated': False}"
236,昭通市,云南,"{'nowConfirm': 0, 'confirm': 25, 'suspect': 0, 'dead': 0, 'deadRate': '0.00', 'showRate': False, 'heal': 25, 'healRate': '100.00', 'showHeal': True}","{'confirm': 0, 'confirmCuts': 0, 'isUpdated': False}"
237,德宏州,云南,"{'nowConfirm': 0, 'confirm': 5, 'suspect': 0, 'dead': 0, 'deadRate': '0.00', 'showRate': False, 'heal': 5, 'healRate': '100.00', 'showHeal': True}","{'confirm': 0, 'confirmCuts': 0, 'isUpdated': False}"
238,昆明,云南,"{'nowConfirm': 0, 'confirm': 53, 'suspect': 0, 'dead': 0, 'deadRate': '0.00', 'showRate': False, 'heal': 53, 'healRate': '100.00', 'showHeal': True}","{'confirm': 0, 'confirmCuts': 0, 'isUpdated': False}"
239,保山市,云南,"{'nowConfirm': 0, 'confirm': 9, 'suspect': 0, 'dead': 0, 'deadRate': '0.00', 'showRate': False, 'heal': 9, 'healRate': '100.00', 'showHeal': True}","{'confirm': 0, 'confirmCuts': 0, 'isUpdated': False}"
240,玉溪,云南,"{'nowConfirm': 0, 'confirm': 14, 'suspect': 0, 'dead': 1, 'deadRate': '7.14', 'showRate': False, 'heal': 13, 'healRate': '92.86', 'showHeal': True}","{'confirm': 0, 'confirmCuts': 0, 'isUpdated': False}"
241,红河,云南,"{'nowConfirm': 0, 'confirm': 9, 'suspect': 0, 'dead': 0, 'deadRate': '0.00', 'showRate': False, 'heal': 9, 'healRate': '100.00', 'showHeal': True}","{'confirm': 0, 'confirmCuts': 0, 'isUpdated': False}"
242,曲靖,云南,"{'nowConfirm': 0, 'confirm': 13, 'suspect': 0, 'dead': 0, 'deadRate': '0.00', 'showRate': False, 'heal': 13, 'healRate': '100.00', 'showHeal': True}","{'confirm': 0, 'confirmCuts': 0, 'isUpdated': False}"
243,大理,云南,"{'nowConfirm': 0, 'confirm': 13, 'suspect': 0, 'dead': 0, 'deadRate': '0.00', 'showRate': False, 'heal': 13, 'healRate': '100.00', 'showHeal': True}","{'confirm': 0, 'confirmCuts': 0, 'isUpdated': False}"
244,西双版纳州,云南,"{'nowConfirm': 0, 'confirm': 15, 'suspect': 0, 'dead': 1, 'deadRate': '6.67', 'showRate': False, 'heal': 14, 'healRate': '93.33', 'showHeal': True}","{'confirm': 0, 'confirmCuts': 0, 'isUpdated': False}"
245,文山州,云南,"{'nowConfirm': 0, 'confirm': 2, 'suspect': 0, 'dead': 0, 'deadRate': '0.00', 'showRate': False, 'heal': 2, 'healRate': '100.00', 'showHeal': True}","{'confirm': 0, 'confirmCuts': 0, 'isUpdated': False}"
246,普洱,云南,"{'nowConfirm': 0, 'confirm': 4, 'suspect': 0, 'dead': 0, 'deadRate': '0.00', 'showRate': False, 'heal': 4, 'healRate': '100.00', 'showHeal': True}","{'confirm': 0, 'confirmCuts': 0, 'isUpdated': False}"
247,楚雄州,云南,"{'nowConfirm': 0, 'confirm': 4, 'suspect': 0, 'dead': 0, 'deadRate': '0.00', 'showRate': False, 'heal': 4, 'healRate': '100.00', 'showHeal': True}","{'confirm': 0, 'confirmCuts': 0, 'isUpdated': False}"
248,丽江市,云南,"{'nowConfirm': 0, 'confirm': 7, 'suspect': 0, 'dead': 0, 'deadRate': '0.00', 'showRate': False, 'heal': 7, 'healRate': '100.00', 'showHeal': True}","{'confirm': 0, 'confirmCuts': 0, 'isUpdated': False}"
249,临沧,云南,"{'nowConfirm': 0, 'confirm': 1, 'suspect': 0, 'dead': 0, 'deadRate': '0.00', 'showRate': False, 'heal': 1, 'healRate': '100.00', 'showHeal': True}","{'confirm': 0, 'confirmCuts': 0, 'isUpdated': False}"
250,境外输入,陕西,"{'nowConfirm': 7, 'confirm': 11, 'suspect': 0, 'dead': 0, 'deadRate': '0.00', 'showRate': False, 'heal': 4, 'healRate': '36.36', 'showHeal': True}","{'confirm': 0, 'confirmCuts': 0, 'isUpdated': False}"
251,韩城,陕西,"{'nowConfirm': 0, 'confirm': 1, 'suspect': 0, 'dead': 0, 'deadRate': '0.00', 'showRate': False, 'heal': 1, 'healRate': '100.00', 'showHeal': True}","{'confirm': 0, 'confirmCuts': 0, 'isUpdated': False}"
252,渭南,陕西,"{'nowConfirm': 0, 'confirm': 15, 'suspect': 0, 'dead': 0, 'deadRate': '0.00', 'showRate': False, 'heal': 15, 'healRate': '100.00', 'showHeal': True}","{'confirm': 0, 'confirmCuts': 0, 'isUpdated': False}"
253,咸阳,陕西,"{'nowConfirm': 0, 'confirm': 17, 'suspect': 0, 'dead': 0, 'deadRate': '0.00', 'showRate': False, 'heal': 17, 'healRate': '100.00', 'showHeal': True}","{'confirm': 0, 'confirmCuts': 0, 'isUpdated': False}"
254,西安,陕西,"{'nowConfirm': 0, 'confirm': 120, 'suspect': 0, 'dead': 3, 'deadRate': '2.50', 'showRate': False, 'heal': 117, 'healRate': '97.50', 'showHeal': True}","{'confirm': 0, 'confirmCuts': 0, 'isUpdated': False}"
255,汉中,陕西,"{'nowConfirm': 0, 'confirm': 26, 'suspect': 0, 'dead': 0, 'deadRate': '0.00', 'showRate': False, 'heal': 26, 'healRate': '100.00', 'showHeal': True}","{'confirm': 0, 'confirmCuts': 0, 'isUpdated': False}"
256,杨凌,陕西,"{'nowConfirm': 0, 'confirm': 1, 'suspect': 0, 'dead': 0, 'deadRate': '0.00', 'showRate': False, 'heal': 1, 'healRate': '100.00', 'showHeal': True}","{'confirm': 0, 'confirmCuts': 0, 'isUpdated': False}"
257,地区待确认,陕西,"{'nowConfirm': 0, 'confirm': 0, 'suspect': 0, 'dead': 0, 'deadRate': '0.00', 'showRate': False, 'heal': 0, 'healRate': '0.00', 'showHeal': True}","{'confirm': 0, 'confirmCuts': 0, 'isUpdated': False}"
258,榆林,陕西,"{'nowConfirm': 0, 'confirm': 3, 'suspect': 0, 'dead': 0, 'deadRate': '0.00', 'showRate': False, 'heal': 3, 'healRate': '100.00', 'showHeal': True}","{'confirm': 0, 'confirmCuts': 0, 'isUpdated': False}"
259,商洛,陕西,"{'nowConfirm': 0, 'confirm': 7, 'suspect': 0, 'dead': 0, 'deadRate': '0.00', 'showRate': False, 'heal': 7, 'healRate': '100.00', 'showHeal': True}","{'confirm': 0, 'confirmCuts': 0, 'isUpdated': False}"
260,铜川,陕西,"{'nowConfirm': 0, 'confirm': 8, 'suspect': 0, 'dead': 0, 'deadRate': '0.00', 'showRate': False, 'heal': 8, 'healRate': '100.00', 'showHeal': True}","{'confirm': 0, 'confirmCuts': 0, 'isUpdated': False}"
261,延安,陕西,"{'nowConfirm': 0, 'confirm': 8, 'suspect': 0, 'dead': 0, 'deadRate': '0.00', 'showRate': False, 'heal': 8, 'healRate': '100.00', 'showHeal': True}","{'confirm': 0, 'confirmCuts': 0, 'isUpdated': False}"
262,宝鸡,陕西,"{'nowConfirm': 0, 'confirm': 13, 'suspect': 0, 'dead': 0, 'deadRate': '0.00', 'showRate': False, 'heal': 13, 'healRate': '100.00', 'showHeal': True}","{'confirm': 0, 'confirmCuts': 0, 'isUpdated': False}"
263,安康,陕西,"{'nowConfirm': 0, 'confirm': 26, 'suspect': 0, 'dead': 0, 'deadRate': '0.00', 'showRate': False, 'heal': 26, 'healRate': '100.00', 'showHeal': True}","{'confirm': 0, 'confirmCuts': 0, 'isUpdated': False}"
264,境外输入,吉林,"{'nowConfirm': 5, 'confirm': 5, 'suspect': 0, 'dead': 0, 'deadRate': '0.00', 'showRate': False, 'heal': 0, 'healRate': '0.00', 'showHeal': True}","{'confirm': 0, 'confirmCuts': 0, 'isUpdated': False}"
265,通化,吉林,"{'nowConfirm': 0, 'confirm': 6, 'suspect': 0, 'dead': 0, 'deadRate': '0.00', 'showRate': False, 'heal': 6, 'healRate': '100.00', 'showHeal': True}","{'confirm': 0, 'confirmCuts': 0, 'isUpdated': False}"
266,长春,吉林,"{'nowConfirm': 0, 'confirm': 45, 'suspect': 0, 'dead': 0, 'deadRate': '0.00', 'showRate': False, 'heal': 45, 'healRate': '100.00', 'showHeal': True}","{'confirm': 0, 'confirmCuts': 0, 'isUpdated': False}"
267,白城,吉林,"{'nowConfirm': 0, 'confirm': 1, 'suspect': 0, 'dead': 0, 'deadRate': '0.00', 'showRate': False, 'heal': 1, 'healRate': '100.00', 'showHeal': True}","{'confirm': 0, 'confirmCuts': 0, 'isUpdated': False}"
268,四平,吉林,"{'nowConfirm': 0, 'confirm': 15, 'suspect': 0, 'dead': 1, 'deadRate': '6.67', 'showRate': False, 'heal': 14, 'healRate': '93.33', 'showHeal': True}","{'confirm': 0, 'confirmCuts': 0, 'isUpdated': False}"
269,公主岭,吉林,"{'nowConfirm': 0, 'confirm': 6, 'suspect': 0, 'dead': 0, 'deadRate': '0.00', 'showRate': False, 'heal': 6, 'healRate': '100.00', 'showHeal': True}","{'confirm': 0, 'confirmCuts': 0, 'isUpdated': False}"
270,辽源,吉林,"{'nowConfirm': 0, 'confirm': 7, 'suspect': 0, 'dead': 0, 'deadRate': '0.00', 'showRate': False, 'heal': 7, 'healRate': '100.00', 'showHeal': True}","{'confirm': 0, 'confirmCuts': 0, 'isUpdated': False}"
271,延边,吉林,"{'nowConfirm': 0, 'confirm': 5, 'suspect': 0, 'dead': 0, 'deadRate': '0.00', 'showRate': False, 'heal': 5, 'healRate': '100.00', 'showHeal': True}","{'confirm': 0, 'confirmCuts': 0, 'isUpdated': False}"
272,吉林,吉林,"{'nowConfirm': 0, 'confirm': 5, 'suspect': 0, 'dead': 0, 'deadRate': '0.00', 'showRate': False, 'heal': 5, 'healRate': '100.00', 'showHeal': True}","{'confirm': 0, 'confirmCuts': 0, 'isUpdated': False}"
273,松原,吉林,"{'nowConfirm': 0, 'confirm': 2, 'suspect': 0, 'dead': 0, 'deadRate': '0.00', 'showRate': False, 'heal': 2, 'healRate': '100.00', 'showHeal': True}","{'confirm': 0, 'confirmCuts': 0, 'isUpdated': False}"
274,梅河口市,吉林,"{'nowConfirm': 0, 'confirm': 1, 'suspect': 0, 'dead': 0, 'deadRate': '0.00', 'showRate': False, 'heal': 1, 'healRate': '100.00', 'showHeal': True}","{'confirm': 0, 'confirmCuts': 0, 'isUpdated': False}"
275,境外输入,甘肃,"{'nowConfirm': 4, 'confirm': 47, 'suspect': 0, 'dead': 0, 'deadRate': '0.00', 'showRate': False, 'heal': 43, 'healRate': '91.49', 'showHeal': True}","{'confirm': 0, 'confirmCuts': 0, 'isUpdated': False}"
276,白银,甘肃,"{'nowConfirm': 0, 'confirm': 4, 'suspect': 0, 'dead': 0, 'deadRate': '0.00', 'showRate': False, 'heal': 4, 'healRate': '100.00', 'showHeal': True}","{'confirm': 0, 'confirmCuts': 0, 'isUpdated': False}"
277,定西,甘肃,"{'nowConfirm': 0, 'confirm': 9, 'suspect': 0, 'dead': 0, 'deadRate': '0.00', 'showRate': False, 'heal': 9, 'healRate': '100.00', 'showHeal': True}","{'confirm': 0, 'confirmCuts': 0, 'isUpdated': False}"
278,地区待确认,甘肃,"{'nowConfirm': 0, 'confirm': 0, 'suspect': 0, 'dead': 0, 'deadRate': '0.00', 'showRate': False, 'heal': 0, 'healRate': '0.00', 'showHeal': True}","{'confirm': 0, 'confirmCuts': 0, 'isUpdated': False}"
279,平凉,甘肃,"{'nowConfirm': 0, 'confirm': 9, 'suspect': 0, 'dead': 0, 'deadRate': '0.00', 'showRate': False, 'heal': 9, 'healRate': '100.00', 'showHeal': True}","{'confirm': 0, 'confirmCuts': 0, 'isUpdated': False}"
280,庆阳,甘肃,"{'nowConfirm': 0, 'confirm': 3, 'suspect': 0, 'dead': 0, 'deadRate': '0.00', 'showRate': False, 'heal': 3, 'healRate': '100.00', 'showHeal': True}","{'confirm': 0, 'confirmCuts': 0, 'isUpdated': False}"
281,兰州,甘肃,"{'nowConfirm': 0, 'confirm': 37, 'suspect': 0, 'dead': 2, 'deadRate': '5.41', 'showRate': False, 'heal': 35, 'healRate': '94.59', 'showHeal': True}","{'confirm': 0, 'confirmCuts': 0, 'isUpdated': False}"
282,甘南州,甘肃,"{'nowConfirm': 0, 'confirm': 8, 'suspect': 0, 'dead': 0, 'deadRate': '0.00', 'showRate': False, 'heal': 8, 'healRate': '100.00', 'showHeal': True}","{'confirm': 0, 'confirmCuts': 0, 'isUpdated': False}"
283,天水,甘肃,"{'nowConfirm': 0, 'confirm': 12, 'suspect': 0, 'dead': 0, 'deadRate': '0.00', 'showRate': False, 'heal': 12, 'healRate': '100.00', 'showHeal': True}","{'confirm': 0, 'confirmCuts': 0, 'isUpdated': False}"
284,陇南,甘肃,"{'nowConfirm': 0, 'confirm': 4, 'suspect': 0, 'dead': 0, 'deadRate': '0.00', 'showRate': False, 'heal': 4, 'healRate': '100.00', 'showHeal': True}","{'confirm': 0, 'confirmCuts': 0, 'isUpdated': False}"
285,临夏,甘肃,"{'nowConfirm': 0, 'confirm': 3, 'suspect': 0, 'dead': 0, 'deadRate': '0.00', 'showRate': False, 'heal': 3, 'healRate': '100.00', 'showHeal': True}","{'confirm': 0, 'confirmCuts': 0, 'isUpdated': False}"
286,张掖,甘肃,"{'nowConfirm': 0, 'confirm': 2, 'suspect': 0, 'dead': 0, 'deadRate': '0.00', 'showRate': False, 'heal': 2, 'healRate': '100.00', 'showHeal': True}","{'confirm': 0, 'confirmCuts': 0, 'isUpdated': False}"
287,金昌,甘肃,"{'nowConfirm': 0, 'confirm': 1, 'suspect': 0, 'dead': 0, 'deadRate': '0.00', 'showRate': False, 'heal': 1, 'healRate': '100.00', 'showHeal': True}","{'confirm': 0, 'confirmCuts': 0, 'isUpdated': False}"
288,境外输入,重庆,"{'nowConfirm': 3, 'confirm': 3, 'suspect': 0, 'dead': 0, 'deadRate': '0.00', 'showRate': False, 'heal': 0, 'healRate': '0.00', 'showHeal': True}","{'confirm': 0, 'confirmCuts': 0, 'isUpdated': False}"
289,涪陵区,重庆,"{'nowConfirm': 0, 'confirm': 5, 'suspect': 0, 'dead': 0, 'deadRate': '0.00', 'showRate': False, 'heal': 5, 'healRate': '100.00', 'showHeal': True}","{'confirm': 0, 'confirmCuts': 0, 'isUpdated': False}"
290,长寿区,重庆,"{'nowConfirm': 0, 'confirm': 22, 'suspect': 0, 'dead': 0, 'deadRate': '0.00', 'showRate': False, 'heal': 22, 'healRate': '100.00', 'showHeal': True}","{'confirm': 0, 'confirmCuts': 0, 'isUpdated': False}"
291,綦江区,重庆,"{'nowConfirm': 0, 'confirm': 23, 'suspect': 0, 'dead': 0, 'deadRate': '0.00', 'showRate': False, 'heal': 23, 'healRate': '100.00', 'showHeal': True}","{'confirm': 0, 'confirmCuts': 0, 'isUpdated': False}"
292,大足区,重庆,"{'nowConfirm': 0, 'confirm': 14, 'suspect': 0, 'dead': 0, 'deadRate': '0.00', 'showRate': False, 'heal': 14, 'healRate': '100.00', 'showHeal': True}","{'confirm': 0, 'confirmCuts': 0, 'isUpdated': False}"
293,江北区,重庆,"{'nowConfirm': 0, 'confirm': 28, 'suspect': 0, 'dead': 0, 'deadRate': '0.00', 'showRate': False, 'heal': 28, 'healRate': '100.00', 'showHeal': True}","{'confirm': 0, 'confirmCuts': 0, 'isUpdated': False}"
294,九龙坡区,重庆,"{'nowConfirm': 0, 'confirm': 21, 'suspect': 0, 'dead': 1, 'deadRate': '4.76', 'showRate': False, 'heal': 20, 'healRate': '95.24', 'showHeal': True}","{'confirm': 0, 'confirmCuts': 0, 'isUpdated': False}"
295,沙坪坝区,重庆,"{'nowConfirm': 0, 'confirm': 9, 'suspect': 0, 'dead': 0, 'deadRate': '0.00', 'showRate': False, 'heal': 9, 'healRate': '100.00', 'showHeal': True}","{'confirm': 0, 'confirmCuts': 0, 'isUpdated': False}"
296,丰都县,重庆,"{'nowConfirm': 0, 'confirm': 10, 'suspect': 0, 'dead': 0, 'deadRate': '0.00', 'showRate': False, 'heal': 10, 'healRate': '100.00', 'showHeal': True}","{'confirm': 0, 'confirmCuts': 0, 'isUpdated': False}"
297,潼南区,重庆,"{'nowConfirm': 0, 'confirm': 18, 'suspect': 0, 'dead': 0, 'deadRate': '0.00', 'showRate': False, 'heal': 18, 'healRate': '100.00', 'showHeal': True}","{'confirm': 0, 'confirmCuts': 0, 'isUpdated': False}"
298,铜梁区,重庆,"{'nowConfirm': 0, 'confirm': 10, 'suspect': 0, 'dead': 0, 'deadRate': '0.00', 'showRate': False, 'heal': 10, 'healRate': '100.00', 'showHeal': True}","{'confirm': 0, 'confirmCuts': 0, 'isUpdated': False}"
299,南岸区,重庆,"{'nowConfirm': 0, 'confirm': 15, 'suspect': 0, 'dead': 0, 'deadRate': '0.00', 'showRate': False, 'heal': 15, 'healRate': '100.00', 'showHeal': True}","{'confirm': 0, 'confirmCuts': 0, 'isUpdated': False}"
300,两江新区,重庆,"{'nowConfirm': 0, 'confirm': 17, 'suspect': 0, 'dead': 0, 'deadRate': '0.00', 'showRate': False, 'heal': 17, 'healRate': '100.00', 'showHeal': True}","{'confirm': 0, 'confirmCuts': 0, 'isUpdated': False}"
301,万州区,重庆,"{'nowConfirm': 0, 'confirm': 118, 'suspect': 0, 'dead': 4, 'deadRate': '3.39', 'showRate': False, 'heal': 114, 'healRate': '96.61', 'showHeal': True}","{'confirm': 0, 'confirmCuts': 0, 'isUpdated': False}"
302,巴南区,重庆,"{'nowConfirm': 0, 'confirm': 6, 'suspect': 0, 'dead': 0, 'deadRate': '0.00', 'showRate': False, 'heal': 6, 'healRate': '100.00', 'showHeal': True}","{'confirm': 0, 'confirmCuts': 0, 'isUpdated': False}"
303,石柱县,重庆,"{'nowConfirm': 0, 'confirm': 15, 'suspect': 0, 'dead': 0, 'deadRate': '0.00', 'showRate': False, 'heal': 15, 'healRate': '100.00', 'showHeal': True}","{'confirm': 0, 'confirmCuts': 0, 'isUpdated': False}"
304,渝中区,重庆,"{'nowConfirm': 0, 'confirm': 20, 'suspect': 0, 'dead': 0, 'deadRate': '0.00', 'showRate': False, 'heal': 20, 'healRate': '100.00', 'showHeal': True}","{'confirm': 0, 'confirmCuts': 0, 'isUpdated': False}"
305,垫江县,重庆,"{'nowConfirm': 0, 'confirm': 20, 'suspect': 0, 'dead': 0, 'deadRate': '0.00', 'showRate': False, 'heal': 20, 'healRate': '100.00', 'showHeal': True}","{'confirm': 0, 'confirmCuts': 0, 'isUpdated': False}"
306,云阳县,重庆,"{'nowConfirm': 0, 'confirm': 25, 'suspect': 0, 'dead': 0, 'deadRate': '0.00', 'showRate': False, 'heal': 25, 'healRate': '100.00', 'showHeal': True}","{'confirm': 0, 'confirmCuts': 0, 'isUpdated': False}"
307,奉节县,重庆,"{'nowConfirm': 0, 'confirm': 22, 'suspect': 0, 'dead': 0, 'deadRate': '0.00', 'showRate': False, 'heal': 22, 'healRate': '100.00', 'showHeal': True}","{'confirm': 0, 'confirmCuts': 0, 'isUpdated': False}"
308,荣昌区,重庆,"{'nowConfirm': 0, 'confirm': 9, 'suspect': 0, 'dead': 0, 'deadRate': '0.00', 'showRate': False, 'heal': 9, 'healRate': '100.00', 'showHeal': True}","{'confirm': 0, 'confirmCuts': 0, 'isUpdated': False}"
309,渝北区,重庆,"{'nowConfirm': 0, 'confirm': 17, 'suspect': 0, 'dead': 0, 'deadRate': '0.00', 'showRate': False, 'heal': 17, 'healRate': '100.00', 'showHeal': True}","{'confirm': 0, 'confirmCuts': 0, 'isUpdated': False}"
310,彭水县,重庆,"{'nowConfirm': 0, 'confirm': 2, 'suspect': 0, 'dead': 0, 'deadRate': '0.00', 'showRate': False, 'heal': 2, 'healRate': '100.00', 'showHeal': True}","{'confirm': 0, 'confirmCuts': 0, 'isUpdated': False}"
311,忠县,重庆,"{'nowConfirm': 0, 'confirm': 21, 'suspect': 0, 'dead': 0, 'deadRate': '0.00', 'showRate': False, 'heal': 21, 'healRate': '100.00', 'showHeal': True}","{'confirm': 0, 'confirmCuts': 0, 'isUpdated': False}"
312,开州区,重庆,"{'nowConfirm': 0, 'confirm': 21, 'suspect': 0, 'dead': 1, 'deadRate': '4.76', 'showRate': False, 'heal': 20, 'healRate': '95.24', 'showHeal': True}","{'confirm': 0, 'confirmCuts': 0, 'isUpdated': False}"
313,合川区,重庆,"{'nowConfirm': 0, 'confirm': 23, 'suspect': 0, 'dead': 0, 'deadRate': '0.00', 'showRate': False, 'heal': 23, 'healRate': '100.00', 'showHeal': True}","{'confirm': 0, 'confirmCuts': 0, 'isUpdated': False}"
314,大渡口区,重庆,"{'nowConfirm': 0, 'confirm': 7, 'suspect': 0, 'dead': 0, 'deadRate': '0.00', 'showRate': False, 'heal': 7, 'healRate': '100.00', 'showHeal': True}","{'confirm': 0, 'confirmCuts': 0, 'isUpdated': False}"
315,巫溪县,重庆,"{'nowConfirm': 0, 'confirm': 14, 'suspect': 0, 'dead': 0, 'deadRate': '0.00', 'showRate': False, 'heal': 14, 'healRate': '100.00', 'showHeal': True}","{'confirm': 0, 'confirmCuts': 0, 'isUpdated': False}"
316,巫山县,重庆,"{'nowConfirm': 0, 'confirm': 10, 'suspect': 0, 'dead': 0, 'deadRate': '0.00', 'showRate': False, 'heal': 10, 'healRate': '100.00', 'showHeal': True}","{'confirm': 0, 'confirmCuts': 0, 'isUpdated': False}"
317,万盛经开区,重庆,"{'nowConfirm': 0, 'confirm': 1, 'suspect': 0, 'dead': 0, 'deadRate': '0.00', 'showRate': False, 'heal': 1, 'healRate': '100.00', 'showHeal': True}","{'confirm': 0, 'confirmCuts': 0, 'isUpdated': False}"
318,酉阳县,重庆,"{'nowConfirm': 0, 'confirm': 1, 'suspect': 0, 'dead': 0, 'deadRate': '0.00', 'showRate': False, 'heal': 1, 'healRate': '100.00', 'showHeal': True}","{'confirm': 0, 'confirmCuts': 0, 'isUpdated': False}"
319,璧山区,重庆,"{'nowConfirm': 0, 'confirm': 9, 'suspect': 0, 'dead': 0, 'deadRate': '0.00', 'showRate': False, 'heal': 9, 'healRate': '100.00', 'showHeal': True}","{'confirm': 0, 'confirmCuts': 0, 'isUpdated': False}"
320,高新区,重庆,"{'nowConfirm': 0, 'confirm': 4, 'suspect': 0, 'dead': 0, 'deadRate': '0.00', 'showRate': False, 'heal': 4, 'healRate': '100.00', 'showHeal': True}","{'confirm': 0, 'confirmCuts': 0, 'isUpdated': False}"
321,永川区,重庆,"{'nowConfirm': 0, 'confirm': 5, 'suspect': 0, 'dead': 0, 'deadRate': '0.00', 'showRate': False, 'heal': 5, 'healRate': '100.00', 'showHeal': True}","{'confirm': 0, 'confirmCuts': 0, 'isUpdated': False}"
322,江津区,重庆,"{'nowConfirm': 0, 'confirm': 4, 'suspect': 0, 'dead': 0, 'deadRate': '0.00', 'showRate': False, 'heal': 4, 'healRate': '100.00', 'showHeal': True}","{'confirm': 0, 'confirmCuts': 0, 'isUpdated': False}"
323,梁平区,重庆,"{'nowConfirm': 0, 'confirm': 4, 'suspect': 0, 'dead': 0, 'deadRate': '0.00', 'showRate': False, 'heal': 4, 'healRate': '100.00', 'showHeal': True}","{'confirm': 0, 'confirmCuts': 0, 'isUpdated': False}"
324,武隆区,重庆,"{'nowConfirm': 0, 'confirm': 1, 'suspect': 0, 'dead': 0, 'deadRate': '0.00', 'showRate': False, 'heal': 1, 'healRate': '100.00', 'showHeal': True}","{'confirm': 0, 'confirmCuts': 0, 'isUpdated': False}"
325,城口县,重庆,"{'nowConfirm': 0, 'confirm': 2, 'suspect': 0, 'dead': 0, 'deadRate': '0.00', 'showRate': False, 'heal': 2, 'healRate': '100.00', 'showHeal': True}","{'confirm': 0, 'confirmCuts': 0, 'isUpdated': False}"
326,黔江区,重庆,"{'nowConfirm': 0, 'confirm': 2, 'suspect': 0, 'dead': 0, 'deadRate': '0.00', 'showRate': False, 'heal': 2, 'healRate': '100.00', 'showHeal': True}","{'confirm': 0, 'confirmCuts': 0, 'isUpdated': False}"
327,秀山县,重庆,"{'nowConfirm': 0, 'confirm': 1, 'suspect': 0, 'dead': 0, 'deadRate': '0.00', 'showRate': False, 'heal': 1, 'healRate': '100.00', 'showHeal': True}","{'confirm': 0, 'confirmCuts': 0, 'isUpdated': False}"
328,境外输入,河南,"{'nowConfirm': 1, 'confirm': 3, 'suspect': 0, 'dead': 0, 'deadRate': '0.00', 'showRate': False, 'heal': 2, 'healRate': '66.67', 'showHeal': True}","{'confirm': 0, 'confirmCuts': 0, 'isUpdated': False}"
329,漯河,河南,"{'nowConfirm': 1, 'confirm': 36, 'suspect': 0, 'dead': 0, 'deadRate': '0.00', 'showRate': False, 'heal': 35, 'healRate': '97.22', 'showHeal': True}","{'confirm': 0, 'confirmCuts': 0, 'isUpdated': False}"
330,许昌,河南,"{'nowConfirm': 0, 'confirm': 39, 'suspect': 0, 'dead': 1, 'deadRate': '2.56', 'showRate': False, 'heal': 38, 'healRate': '97.44', 'showHeal': True}","{'confirm': 0, 'confirmCuts': 0, 'isUpdated': False}"
331,周口,河南,"{'nowConfirm': 0, 'confirm': 76, 'suspect': 0, 'dead': 1, 'deadRate': '1.32', 'showRate': False, 'heal': 75, 'healRate': '98.68', 'showHeal': True}","{'confirm': 0, 'confirmCuts': 0, 'isUpdated': False}"
332,南阳,河南,"{'nowConfirm': 0, 'confirm': 156, 'suspect': 0, 'dead': 3, 'deadRate': '1.92', 'showRate': False, 'heal': 153, 'healRate': '98.08', 'showHeal': True}","{'confirm': 0, 'confirmCuts': 0, 'isUpdated': False}"
333,信阳,河南,"{'nowConfirm': 0, 'confirm': 274, 'suspect': 0, 'dead': 2, 'deadRate': '0.73', 'showRate': False, 'heal': 272, 'healRate': '99.27', 'showHeal': True}","{'confirm': 0, 'confirmCuts': 0, 'isUpdated': False}"
334,郑州,河南,"{'nowConfirm': 0, 'confirm': 157, 'suspect': 0, 'dead': 5, 'deadRate': '3.18', 'showRate': False, 'heal': 152, 'healRate': '96.82', 'showHeal': True}","{'confirm': 0, 'confirmCuts': 0, 'isUpdated': False}"
335,济源示范区,河南,"{'nowConfirm': 0, 'confirm': 5, 'suspect': 0, 'dead': 0, 'deadRate': '0.00', 'showRate': False, 'heal': 5, 'healRate': '100.00', 'showHeal': True}","{'confirm': 0, 'confirmCuts': 0, 'isUpdated': False}"
336,安阳,河南,"{'nowConfirm': 0, 'confirm': 53, 'suspect': 0, 'dead': 0, 'deadRate': '0.00', 'showRate': False, 'heal': 53, 'healRate': '100.00', 'showHeal': True}","{'confirm': 0, 'confirmCuts': 0, 'isUpdated': False}"
337,新乡,河南,"{'nowConfirm': 0, 'confirm': 57, 'suspect': 0, 'dead': 3, 'deadRate': '5.26', 'showRate': False, 'heal': 54, 'healRate': '94.74', 'showHeal': True}","{'confirm': 0, 'confirmCuts': 0, 'isUpdated': False}"
338,地区待确认,河南,"{'nowConfirm': 0, 'confirm': 0, 'suspect': 0, 'dead': 0, 'deadRate': '0.00', 'showRate': False, 'heal': 0, 'healRate': '0.00', 'showHeal': True}","{'confirm': 0, 'confirmCuts': 0, 'isUpdated': False}"
339,商丘,河南,"{'nowConfirm': 0, 'confirm': 91, 'suspect': 0, 'dead': 3, 'deadRate': '3.30', 'showRate': False, 'heal': 88, 'healRate': '96.70', 'showHeal': True}","{'confirm': 0, 'confirmCuts': 0, 'isUpdated': False}"
340,驻马店,河南,"{'nowConfirm': 0, 'confirm': 139, 'suspect': 0, 'dead': 0, 'deadRate': '0.00', 'showRate': False, 'heal': 139, 'healRate': '100.00', 'showHeal': True}","{'confirm': 0, 'confirmCuts': 0, 'isUpdated': False}"
341,焦作,河南,"{'nowConfirm': 0, 'confirm': 32, 'suspect': 0, 'dead': 1, 'deadRate': '3.12', 'showRate': False, 'heal': 31, 'healRate': '96.88', 'showHeal': True}","{'confirm': 0, 'confirmCuts': 0, 'isUpdated': False}"
342,开封,河南,"{'nowConfirm': 0, 'confirm': 26, 'suspect': 0, 'dead': 0, 'deadRate': '0.00', 'showRate': False, 'heal': 26, 'healRate': '100.00', 'showHeal': True}","{'confirm': 0, 'confirmCuts': 0, 'isUpdated': False}"
343,平顶山,河南,"{'nowConfirm': 0, 'confirm': 58, 'suspect': 0, 'dead': 1, 'deadRate': '1.72', 'showRate': False, 'heal': 57, 'healRate': '98.28', 'showHeal': True}","{'confirm': 0, 'confirmCuts': 0, 'isUpdated': False}"
344,洛阳,河南,"{'nowConfirm': 0, 'confirm': 31, 'suspect': 0, 'dead': 1, 'deadRate': '3.23', 'showRate': False, 'heal': 30, 'healRate': '96.77', 'showHeal': True}","{'confirm': 0, 'confirmCuts': 0, 'isUpdated': False}"
345,濮阳,河南,"{'nowConfirm': 0, 'confirm': 17, 'suspect': 0, 'dead': 0, 'deadRate': '0.00', 'showRate': False, 'heal': 17, 'healRate': '100.00', 'showHeal': True}","{'confirm': 0, 'confirmCuts': 0, 'isUpdated': False}"
346,鹤壁,河南,"{'nowConfirm': 0, 'confirm': 19, 'suspect': 0, 'dead': 0, 'deadRate': '0.00', 'showRate': False, 'heal': 19, 'healRate': '100.00', 'showHeal': True}","{'confirm': 0, 'confirmCuts': 0, 'isUpdated': False}"
347,三门峡,河南,"{'nowConfirm': 0, 'confirm': 7, 'suspect': 0, 'dead': 1, 'deadRate': '14.29', 'showRate': False, 'heal': 6, 'healRate': '85.71', 'showHeal': True}","{'confirm': 0, 'confirmCuts': 0, 'isUpdated': False}"
348,境外输入,江西,"{'nowConfirm': 1, 'confirm': 2, 'suspect': 0, 'dead': 0, 'deadRate': '0.00', 'showRate': False, 'heal': 1, 'healRate': '50.00', 'showHeal': True}","{'confirm': 0, 'confirmCuts': 0, 'isUpdated': False}"
349,吉安,江西,"{'nowConfirm': 0, 'confirm': 22, 'suspect': 0, 'dead': 0, 'deadRate': '0.00', 'showRate': False, 'heal': 22, 'healRate': '100.00', 'showHeal': True}","{'confirm': 0, 'confirmCuts': 0, 'isUpdated': False}"
350,南昌,江西,"{'nowConfirm': 0, 'confirm': 230, 'suspect': 0, 'dead': 0, 'deadRate': '0.00', 'showRate': False, 'heal': 230, 'healRate': '100.00', 'showHeal': True}","{'confirm': 0, 'confirmCuts': 0, 'isUpdated': False}"
351,上饶,江西,"{'nowConfirm': 0, 'confirm': 123, 'suspect': 0, 'dead': 0, 'deadRate': '0.00', 'showRate': False, 'heal': 123, 'healRate': '100.00', 'showHeal': True}","{'confirm': 0, 'confirmCuts': 0, 'isUpdated': False}"
352,新余,江西,"{'nowConfirm': 0, 'confirm': 130, 'suspect': 0, 'dead': 0, 'deadRate': '0.00', 'showRate': False, 'heal': 130, 'healRate': '100.00', 'showHeal': True}","{'confirm': 0, 'confirmCuts': 0, 'isUpdated': False}"
353,抚州,江西,"{'nowConfirm': 0, 'confirm': 72, 'suspect': 0, 'dead': 0, 'deadRate': '0.00', 'showRate': False, 'heal': 72, 'healRate': '100.00', 'showHeal': True}","{'confirm': 0, 'confirmCuts': 0, 'isUpdated': False}"
354,九江,江西,"{'nowConfirm': 0, 'confirm': 118, 'suspect': 0, 'dead': 0, 'deadRate': '0.00', 'showRate': False, 'heal': 118, 'healRate': '100.00', 'showHeal': True}","{'confirm': 0, 'confirmCuts': 0, 'isUpdated': False}"
355,赣州,江西,"{'nowConfirm': 0, 'confirm': 76, 'suspect': 0, 'dead': 1, 'deadRate': '1.32', 'showRate': False, 'heal': 75, 'healRate': '98.68', 'showHeal': True}","{'confirm': 0, 'confirmCuts': 0, 'isUpdated': False}"
356,萍乡,江西,"{'nowConfirm': 0, 'confirm': 33, 'suspect': 0, 'dead': 0, 'deadRate': '0.00', 'showRate': False, 'heal': 33, 'healRate': '100.00', 'showHeal': True}","{'confirm': 0, 'confirmCuts': 0, 'isUpdated': False}"
357,宜春,江西,"{'nowConfirm': 0, 'confirm': 106, 'suspect': 0, 'dead': 0, 'deadRate': '0.00', 'showRate': False, 'heal': 106, 'healRate': '100.00', 'showHeal': True}","{'confirm': 0, 'confirmCuts': 0, 'isUpdated': False}"
358,鹰潭,江西,"{'nowConfirm': 0, 'confirm': 18, 'suspect': 0, 'dead': 0, 'deadRate': '0.00', 'showRate': False, 'heal': 18, 'healRate': '100.00', 'showHeal': True}","{'confirm': 0, 'confirmCuts': 0, 'isUpdated': False}"
359,景德镇,江西,"{'nowConfirm': 0, 'confirm': 6, 'suspect': 0, 'dead': 0, 'deadRate': '0.00', 'showRate': False, 'heal': 6, 'healRate': '100.00', 'showHeal': True}","{'confirm': 0, 'confirmCuts': 0, 'isUpdated': False}"
360,赣江新区,江西,"{'nowConfirm': 0, 'confirm': 1, 'suspect': 0, 'dead': 0, 'deadRate': '0.00', 'showRate': False, 'heal': 1, 'healRate': '100.00', 'showHeal': True}","{'confirm': 0, 'confirmCuts': 0, 'isUpdated': False}"
361,境外输入,贵州,"{'nowConfirm': 1, 'confirm': 1, 'suspect': 0, 'dead': 0, 'deadRate': '0.00', 'showRate': False, 'heal': 0, 'healRate': '0.00', 'showHeal': True}","{'confirm': 0, 'confirmCuts': 0, 'isUpdated': False}"
362,贵阳,贵州,"{'nowConfirm': 0, 'confirm': 36, 'suspect': 0, 'dead': 1, 'deadRate': '2.78', 'showRate': False, 'heal': 35, 'healRate': '97.22', 'showHeal': True}","{'confirm': 0, 'confirmCuts': 0, 'isUpdated': False}"
363,遵义,贵州,"{'nowConfirm': 0, 'confirm': 32, 'suspect': 0, 'dead': 0, 'deadRate': '0.00', 'showRate': False, 'heal': 32, 'healRate': '100.00', 'showHeal': True}","{'confirm': 0, 'confirmCuts': 0, 'isUpdated': False}"
364,六盘水,贵州,"{'nowConfirm': 0, 'confirm': 10, 'suspect': 0, 'dead': 1, 'deadRate': '10.00', 'showRate': False, 'heal': 9, 'healRate': '90.00', 'showHeal': True}","{'confirm': 0, 'confirmCuts': 0, 'isUpdated': False}"
365,毕节,贵州,"{'nowConfirm': 0, 'confirm': 23, 'suspect': 0, 'dead': 0, 'deadRate': '0.00', 'showRate': False, 'heal': 23, 'healRate': '100.00', 'showHeal': True}","{'confirm': 0, 'confirmCuts': 0, 'isUpdated': False}"
366,黔南州,贵州,"{'nowConfirm': 0, 'confirm': 17, 'suspect': 0, 'dead': 0, 'deadRate': '0.00', 'showRate': False, 'heal': 17, 'healRate': '100.00', 'showHeal': True}","{'confirm': 0, 'confirmCuts': 0, 'isUpdated': False}"
367,安顺,贵州,"{'nowConfirm': 0, 'confirm': 4, 'suspect': 0, 'dead': 0, 'deadRate': '0.00', 'showRate': False, 'heal': 4, 'healRate': '100.00', 'showHeal': True}","{'confirm': 0, 'confirmCuts': 0, 'isUpdated': False}"
368,黔东南州,贵州,"{'nowConfirm': 0, 'confirm': 10, 'suspect': 0, 'dead': 0, 'deadRate': '0.00', 'showRate': False, 'heal': 10, 'healRate': '100.00', 'showHeal': True}","{'confirm': 0, 'confirmCuts': 0, 'isUpdated': False}"
369,铜仁,贵州,"{'nowConfirm': 0, 'confirm': 10, 'suspect': 0, 'dead': 0, 'deadRate': '0.00', 'showRate': False, 'heal': 10, 'healRate': '100.00', 'showHeal': True}","{'confirm': 0, 'confirmCuts': 0, 'isUpdated': False}"
370,黔西南州,贵州,"{'nowConfirm': 0, 'confirm': 4, 'suspect': 0, 'dead': 0, 'deadRate': '0.00', 'showRate': False, 'heal': 4, 'healRate': '100.00', 'showHeal': True}","{'confirm': 0, 'confirmCuts': 0, 'isUpdated': False}"
371,境外输入,湖南,"{'nowConfirm': 1, 'confirm': 1, 'suspect': 0, 'dead': 0, 'deadRate': '0.00', 'showRate': False, 'heal': 0, 'healRate': '0.00', 'showHeal': True}","{'confirm': 0, 'confirmCuts': 0, 'isUpdated': False}"
372,张家界,湖南,"{'nowConfirm': 0, 'confirm': 5, 'suspect': 0, 'dead': 0, 'deadRate': '0.00', 'showRate': False, 'heal': 5, 'healRate': '100.00', 'showHeal': True}","{'confirm': 0, 'confirmCuts': 0, 'isUpdated': False}"
373,娄底,湖南,"{'nowConfirm': 0, 'confirm': 76, 'suspect': 0, 'dead': 0, 'deadRate': '0.00', 'showRate': False, 'heal': 76, 'healRate': '100.00', 'showHeal': True}","{'confirm': 0, 'confirmCuts': 0, 'isUpdated': False}"
374,怀化,湖南,"{'nowConfirm': 0, 'confirm': 40, 'suspect': 0, 'dead': 0, 'deadRate': '0.00', 'showRate': False, 'heal': 40, 'healRate': '100.00', 'showHeal': True}","{'confirm': 0, 'confirmCuts': 0, 'isUpdated': False}"
375,永州,湖南,"{'nowConfirm': 0, 'confirm': 44, 'suspect': 0, 'dead': 0, 'deadRate': '0.00', 'showRate': False, 'heal': 44, 'healRate': '100.00', 'showHeal': True}","{'confirm': 0, 'confirmCuts': 0, 'isUpdated': False}"
376,郴州,湖南,"{'nowConfirm': 0, 'confirm': 39, 'suspect': 0, 'dead': 0, 'deadRate': '0.00', 'showRate': False, 'heal': 39, 'healRate': '100.00', 'showHeal': True}","{'confirm': 0, 'confirmCuts': 0, 'isUpdated': False}"
377,益阳,湖南,"{'nowConfirm': 0, 'confirm': 60, 'suspect': 0, 'dead': 0, 'deadRate': '0.00', 'showRate': False, 'heal': 60, 'healRate': '100.00', 'showHeal': True}","{'confirm': 0, 'confirmCuts': 0, 'isUpdated': False}"
378,湘西自治州,湖南,"{'nowConfirm': 0, 'confirm': 8, 'suspect': 0, 'dead': 0, 'deadRate': '0.00', 'showRate': False, 'heal': 8, 'healRate': '100.00', 'showHeal': True}","{'confirm': 0, 'confirmCuts': 0, 'isUpdated': False}"
379,常德,湖南,"{'nowConfirm': 0, 'confirm': 82, 'suspect': 0, 'dead': 0, 'deadRate': '0.00', 'showRate': False, 'heal': 82, 'healRate': '100.00', 'showHeal': True}","{'confirm': 0, 'confirmCuts': 0, 'isUpdated': False}"
380,岳阳,湖南,"{'nowConfirm': 0, 'confirm': 156, 'suspect': 0, 'dead': 1, 'deadRate': '0.64', 'showRate': False, 'heal': 155, 'healRate': '99.36', 'showHeal': True}","{'confirm': 0, 'confirmCuts': 0, 'isUpdated': False}"
381,邵阳,湖南,"{'nowConfirm': 0, 'confirm': 102, 'suspect': 0, 'dead': 1, 'deadRate': '0.98', 'showRate': False, 'heal': 101, 'healRate': '99.02', 'showHeal': True}","{'confirm': 0, 'confirmCuts': 0, 'isUpdated': False}"
382,湘潭,湖南,"{'nowConfirm': 0, 'confirm': 36, 'suspect': 0, 'dead': 0, 'deadRate': '0.00', 'showRate': False, 'heal': 36, 'healRate': '100.00', 'showHeal': True}","{'confirm': 0, 'confirmCuts': 0, 'isUpdated': False}"
383,株洲,湖南,"{'nowConfirm': 0, 'confirm': 80, 'suspect': 0, 'dead': 0, 'deadRate': '0.00', 'showRate': False, 'heal': 80, 'healRate': '100.00', 'showHeal': True}","{'confirm': 0, 'confirmCuts': 0, 'isUpdated': False}"
384,衡阳,湖南,"{'nowConfirm': 0, 'confirm': 48, 'suspect': 0, 'dead': 0, 'deadRate': '0.00', 'showRate': False, 'heal': 48, 'healRate': '100.00', 'showHeal': True}","{'confirm': 0, 'confirmCuts': 0, 'isUpdated': False}"
385,长沙,湖南,"{'nowConfirm': 0, 'confirm': 242, 'suspect': 0, 'dead': 2, 'deadRate': '0.83', 'showRate': False, 'heal': 240, 'healRate': '99.17', 'showHeal': True}","{'confirm': 0, 'confirmCuts': 0, 'isUpdated': False}"
386,兵团第九师,新疆,"{'nowConfirm': 0, 'confirm': 4, 'suspect': 0, 'dead': 1, 'deadRate': '25.00', 'showRate': False, 'heal': 3, 'healRate': '75.00', 'showHeal': True}","{'confirm': 0, 'confirmCuts': 0, 'isUpdated': False}"
387,吐鲁番,新疆,"{'nowConfirm': 0, 'confirm': 3, 'suspect': 0, 'dead': 0, 'deadRate': '0.00', 'showRate': False, 'heal': 3, 'healRate': '100.00', 'showHeal': True}","{'confirm': 0, 'confirmCuts': 0, 'isUpdated': False}"
388,乌鲁木齐,新疆,"{'nowConfirm': 0, 'confirm': 23, 'suspect': 0, 'dead': 0, 'deadRate': '0.00', 'showRate': False, 'heal': 23, 'healRate': '100.00', 'showHeal': True}","{'confirm': 0, 'confirmCuts': 0, 'isUpdated': False}"
389,昌吉州,新疆,"{'nowConfirm': 0, 'confirm': 4, 'suspect': 0, 'dead': 0, 'deadRate': '0.00', 'showRate': False, 'heal': 4, 'healRate': '100.00', 'showHeal': True}","{'confirm': 0, 'confirmCuts': 0, 'isUpdated': False}"
390,第八师石河子,新疆,"{'nowConfirm': 0, 'confirm': 4, 'suspect': 0, 'dead': 1, 'deadRate': '25.00', 'showRate': False, 'heal': 3, 'healRate': '75.00', 'showHeal': True}","{'confirm': 0, 'confirmCuts': 0, 'isUpdated': False}"
391,兵团第四师,新疆,"{'nowConfirm': 0, 'confirm': 10, 'suspect': 0, 'dead': 1, 'deadRate': '10.00', 'showRate': False, 'heal': 9, 'healRate': '90.00', 'showHeal': True}","{'confirm': 0, 'confirmCuts': 0, 'isUpdated': False}"
392,伊犁州,新疆,"{'nowConfirm': 0, 'confirm': 18, 'suspect': 0, 'dead': 0, 'deadRate': '0.00', 'showRate': False, 'heal': 18, 'healRate': '100.00', 'showHeal': True}","{'confirm': 0, 'confirmCuts': 0, 'isUpdated': False}"
393,六师五家渠,新疆,"{'nowConfirm': 0, 'confirm': 2, 'suspect': 0, 'dead': 0, 'deadRate': '0.00', 'showRate': False, 'heal': 2, 'healRate': '100.00', 'showHeal': True}","{'confirm': 0, 'confirmCuts': 0, 'isUpdated': False}"
394,兵团第十二师,新疆,"{'nowConfirm': 0, 'confirm': 3, 'suspect': 0, 'dead': 0, 'deadRate': '0.00', 'showRate': False, 'heal': 3, 'healRate': '100.00', 'showHeal': True}","{'confirm': 0, 'confirmCuts': 0, 'isUpdated': False}"
395,巴州,新疆,"{'nowConfirm': 0, 'confirm': 3, 'suspect': 0, 'dead': 0, 'deadRate': '0.00', 'showRate': False, 'heal': 3, 'healRate': '100.00', 'showHeal': True}","{'confirm': 0, 'confirmCuts': 0, 'isUpdated': False}"
396,第七师,新疆,"{'nowConfirm': 0, 'confirm': 1, 'suspect': 0, 'dead': 0, 'deadRate': '0.00', 'showRate': False, 'heal': 1, 'healRate': '100.00', 'showHeal': True}","{'confirm': 0, 'confirmCuts': 0, 'isUpdated': False}"
397,阿克苏,新疆,"{'nowConfirm': 0, 'confirm': 1, 'suspect': 0, 'dead': 0, 'deadRate': '0.00', 'showRate': False, 'heal': 1, 'healRate': '100.00', 'showHeal': True}","{'confirm': 0, 'confirmCuts': 0, 'isUpdated': False}"
398,黄山,安徽,"{'nowConfirm': 0, 'confirm': 9, 'suspect': 0, 'dead': 0, 'deadRate': '0.00', 'showRate': False, 'heal': 9, 'healRate': '100.00', 'showHeal': True}","{'confirm': 0, 'confirmCuts': 0, 'isUpdated': False}"
399,宣城,安徽,"{'nowConfirm': 0, 'confirm': 6, 'suspect': 0, 'dead': 0, 'deadRate': '0.00', 'showRate': False, 'heal': 6, 'healRate': '100.00', 'showHeal': True}","{'confirm': 0, 'confirmCuts': 0, 'isUpdated': False}"
400,池州,安徽,"{'nowConfirm': 0, 'confirm': 17, 'suspect': 0, 'dead': 0, 'deadRate': '0.00', 'showRate': False, 'heal': 17, 'healRate': '100.00', 'showHeal': True}","{'confirm': 0, 'confirmCuts': 0, 'isUpdated': False}"
401,亳州,安徽,"{'nowConfirm': 0, 'confirm': 108, 'suspect': 0, 'dead': 0, 'deadRate': '0.00', 'showRate': False, 'heal': 108, 'healRate': '100.00', 'showHeal': True}","{'confirm': 0, 'confirmCuts': 0, 'isUpdated': False}"
402,六安,安徽,"{'nowConfirm': 0, 'confirm': 69, 'suspect': 0, 'dead': 0, 'deadRate': '0.00', 'showRate': False, 'heal': 69, 'healRate': '100.00', 'showHeal': True}","{'confirm': 0, 'confirmCuts': 0, 'isUpdated': False}"
403,宿州,安徽,"{'nowConfirm': 0, 'confirm': 41, 'suspect': 0, 'dead': 0, 'deadRate': '0.00', 'showRate': False, 'heal': 41, 'healRate': '100.00', 'showHeal': True}","{'confirm': 0, 'confirmCuts': 0, 'isUpdated': False}"
404,阜阳,安徽,"{'nowConfirm': 0, 'confirm': 155, 'suspect': 0, 'dead': 0, 'deadRate': '0.00', 'showRate': False, 'heal': 155, 'healRate': '100.00', 'showHeal': True}","{'confirm': 0, 'confirmCuts': 0, 'isUpdated': False}"
405,滁州,安徽,"{'nowConfirm': 0, 'confirm': 13, 'suspect': 0, 'dead': 0, 'deadRate': '0.00', 'showRate': False, 'heal': 13, 'healRate': '100.00', 'showHeal': True}","{'confirm': 0, 'confirmCuts': 0, 'isUpdated': False}"
406,安庆,安徽,"{'nowConfirm': 0, 'confirm': 83, 'suspect': 0, 'dead': 0, 'deadRate': '0.00', 'showRate': False, 'heal': 83, 'healRate': '100.00', 'showHeal': True}","{'confirm': 0, 'confirmCuts': 0, 'isUpdated': False}"
407,铜陵,安徽,"{'nowConfirm': 0, 'confirm': 29, 'suspect': 0, 'dead': 0, 'deadRate': '0.00', 'showRate': False, 'heal': 29, 'healRate': '100.00', 'showHeal': True}","{'confirm': 0, 'confirmCuts': 0, 'isUpdated': False}"
408,淮北,安徽,"{'nowConfirm': 0, 'confirm': 27, 'suspect': 0, 'dead': 0, 'deadRate': '0.00', 'showRate': False, 'heal': 27, 'healRate': '100.00', 'showHeal': True}","{'confirm': 0, 'confirmCuts': 0, 'isUpdated': False}"
409,马鞍山,安徽,"{'nowConfirm': 0, 'confirm': 38, 'suspect': 0, 'dead': 0, 'deadRate': '0.00', 'showRate': False, 'heal': 38, 'healRate': '100.00', 'showHeal': True}","{'confirm': 0, 'confirmCuts': 0, 'isUpdated': False}"
410,淮南,安徽,"{'nowConfirm': 0, 'confirm': 27, 'suspect': 0, 'dead': 0, 'deadRate': '0.00', 'showRate': False, 'heal': 27, 'healRate': '100.00', 'showHeal': True}","{'confirm': 0, 'confirmCuts': 0, 'isUpdated': False}"
411,蚌埠,安徽,"{'nowConfirm': 0, 'confirm': 160, 'suspect': 0, 'dead': 5, 'deadRate': '3.12', 'showRate': False, 'heal': 155, 'healRate': '96.88', 'showHeal': True}","{'confirm': 0, 'confirmCuts': 0, 'isUpdated': False}"
412,芜湖,安徽,"{'nowConfirm': 0, 'confirm': 34, 'suspect': 0, 'dead': 0, 'deadRate': '0.00', 'showRate': False, 'heal': 34, 'healRate': '100.00', 'showHeal': True}","{'confirm': 0, 'confirmCuts': 0, 'isUpdated': False}"
413,合肥,安徽,"{'nowConfirm': 0, 'confirm': 174, 'suspect': 0, 'dead': 1, 'deadRate': '0.57', 'showRate': False, 'heal': 173, 'healRate': '99.43', 'showHeal': True}","{'confirm': 0, 'confirmCuts': 0, 'isUpdated': False}"
414,境外输入,宁夏,"{'nowConfirm': 0, 'confirm': 3, 'suspect': 0, 'dead': 0, 'deadRate': '0.00', 'showRate': False, 'heal': 3, 'healRate': '100.00', 'showHeal': True}","{'confirm': 0, 'confirmCuts': 0, 'isUpdated': False}"
415,银川,宁夏,"{'nowConfirm': 0, 'confirm': 34, 'suspect': 0, 'dead': 0, 'deadRate': '0.00', 'showRate': False, 'heal': 34, 'healRate': '100.00', 'showHeal': True}","{'confirm': 0, 'confirmCuts': 0, 'isUpdated': False}"
416,吴忠,宁夏,"{'nowConfirm': 0, 'confirm': 28, 'suspect': 0, 'dead': 0, 'deadRate': '0.00', 'showRate': False, 'heal': 28, 'healRate': '100.00', 'showHeal': True}","{'confirm': 0, 'confirmCuts': 0, 'isUpdated': False}"
417,固原,宁夏,"{'nowConfirm': 0, 'confirm': 5, 'suspect': 0, 'dead': 0, 'deadRate': '0.00', 'showRate': False, 'heal': 5, 'healRate': '100.00', 'showHeal': True}","{'confirm': 0, 'confirmCuts': 0, 'isUpdated': False}"
418,中卫,宁夏,"{'nowConfirm': 0, 'confirm': 3, 'suspect': 0, 'dead': 0, 'deadRate': '0.00', 'showRate': False, 'heal': 3, 'healRate': '100.00', 'showHeal': True}","{'confirm': 0, 'confirmCuts': 0, 'isUpdated': False}"
419,石嘴山,宁夏,"{'nowConfirm': 0, 'confirm': 1, 'suspect': 0, 'dead': 0, 'deadRate': '0.00', 'showRate': False, 'heal': 1, 'healRate': '100.00', 'showHeal': True}","{'confirm': 0, 'confirmCuts': 0, 'isUpdated': False}"
420,宁东管委会,宁夏,"{'nowConfirm': 0, 'confirm': 1, 'suspect': 0, 'dead': 0, 'deadRate': '0.00', 'showRate': False, 'heal': 1, 'healRate': '100.00', 'showHeal': True}","{'confirm': 0, 'confirmCuts': 0, 'isUpdated': False}"
421,拉萨,西藏,"{'nowConfirm': 0, 'confirm': 1, 'suspect': 0, 'dead': 0, 'deadRate': '0.00', 'showRate': False, 'heal': 1, 'healRate': '100.00', 'showHeal': True}","{'confirm': 0, 'confirmCuts': 0, 'isUpdated': False}"
422,境外输入,广西,"{'nowConfirm': 0, 'confirm': 2, 'suspect': 0, 'dead': 0, 'deadRate': '0.00', 'showRate': False, 'heal': 2, 'healRate': '100.00', 'showHeal': True}","{'confirm': 0, 'confirmCuts': 0, 'isUpdated': False}"
423,北海,广西,"{'nowConfirm': 0, 'confirm': 44, 'suspect': 0, 'dead': 1, 'deadRate': '2.27', 'showRate': False, 'heal': 43, 'healRate': '97.73', 'showHeal': True}","{'confirm': 0, 'confirmCuts': 0, 'isUpdated': False}"
424,防城港,广西,"{'nowConfirm': 0, 'confirm': 19, 'suspect': 0, 'dead': 0, 'deadRate': '0.00', 'showRate': False, 'heal': 19, 'healRate': '100.00', 'showHeal': True}","{'confirm': 0, 'confirmCuts': 0, 'isUpdated': False}"
425,来宾,广西,"{'nowConfirm': 0, 'confirm': 11, 'suspect': 0, 'dead': 0, 'deadRate': '0.00', 'showRate': False, 'heal': 11, 'healRate': '100.00', 'showHeal': True}","{'confirm': 0, 'confirmCuts': 0, 'isUpdated': False}"
426,柳州,广西,"{'nowConfirm': 0, 'confirm': 24, 'suspect': 0, 'dead': 0, 'deadRate': '0.00', 'showRate': False, 'heal': 24, 'healRate': '100.00', 'showHeal': True}","{'confirm': 0, 'confirmCuts': 0, 'isUpdated': False}"
427,南宁,广西,"{'nowConfirm': 0, 'confirm': 55, 'suspect': 0, 'dead': 0, 'deadRate': '0.00', 'showRate': False, 'heal': 55, 'healRate': '100.00', 'showHeal': True}","{'confirm': 0, 'confirmCuts': 0, 'isUpdated': False}"
428,河池,广西,"{'nowConfirm': 0, 'confirm': 28, 'suspect': 0, 'dead': 1, 'deadRate': '3.57', 'showRate': False, 'heal': 27, 'healRate': '96.43', 'showHeal': True}","{'confirm': 0, 'confirmCuts': 0, 'isUpdated': False}"
429,桂林,广西,"{'nowConfirm': 0, 'confirm': 32, 'suspect': 0, 'dead': 0, 'deadRate': '0.00', 'showRate': False, 'heal': 32, 'healRate': '100.00', 'showHeal': True}","{'confirm': 0, 'confirmCuts': 0, 'isUpdated': False}"
430,玉林,广西,"{'nowConfirm': 0, 'confirm': 11, 'suspect': 0, 'dead': 0, 'deadRate': '0.00', 'showRate': False, 'heal': 11, 'healRate': '100.00', 'showHeal': True}","{'confirm': 0, 'confirmCuts': 0, 'isUpdated': False}"
431,钦州,广西,"{'nowConfirm': 0, 'confirm': 8, 'suspect': 0, 'dead': 0, 'deadRate': '0.00', 'showRate': False, 'heal': 8, 'healRate': '100.00', 'showHeal': True}","{'confirm': 0, 'confirmCuts': 0, 'isUpdated': False}"
432,贵港,广西,"{'nowConfirm': 0, 'confirm': 8, 'suspect': 0, 'dead': 0, 'deadRate': '0.00', 'showRate': False, 'heal': 8, 'healRate': '100.00', 'showHeal': True}","{'confirm': 0, 'confirmCuts': 0, 'isUpdated': False}"
433,梧州,广西,"{'nowConfirm': 0, 'confirm': 5, 'suspect': 0, 'dead': 0, 'deadRate': '0.00', 'showRate': False, 'heal': 5, 'healRate': '100.00', 'showHeal': True}","{'confirm': 0, 'confirmCuts': 0, 'isUpdated': False}"
434,百色,广西,"{'nowConfirm': 0, 'confirm': 3, 'suspect': 0, 'dead': 0, 'deadRate': '0.00', 'showRate': False, 'heal': 3, 'healRate': '100.00', 'showHeal': True}","{'confirm': 0, 'confirmCuts': 0, 'isUpdated': False}"
435,贺州,广西,"{'nowConfirm': 0, 'confirm': 4, 'suspect': 0, 'dead': 0, 'deadRate': '0.00', 'showRate': False, 'heal': 4, 'healRate': '100.00', 'showHeal': True}","{'confirm': 0, 'confirmCuts': 0, 'isUpdated': False}"
436,海口,海南,"{'nowConfirm': 0, 'confirm': 39, 'suspect': 0, 'dead': 0, 'deadRate': '0.00', 'showRate': False, 'heal': 39, 'healRate': '100.00', 'showHeal': True}","{'confirm': 0, 'confirmCuts': 0, 'isUpdated': False}"
437,儋州,海南,"{'nowConfirm': 0, 'confirm': 15, 'suspect': 0, 'dead': 1, 'deadRate': '6.67', 'showRate': False, 'heal': 14, 'healRate': '93.33', 'showHeal': True}","{'confirm': 0, 'confirmCuts': 0, 'isUpdated': False}"
438,三亚,海南,"{'nowConfirm': 0, 'confirm': 54, 'suspect': 0, 'dead': 1, 'deadRate': '1.85', 'showRate': False, 'heal': 53, 'healRate': '98.15', 'showHeal': True}","{'confirm': 0, 'confirmCuts': 0, 'isUpdated': False}"
439,东方,海南,"{'nowConfirm': 0, 'confirm': 3, 'suspect': 0, 'dead': 1, 'deadRate': '33.33', 'showRate': False, 'heal': 2, 'healRate': '66.67', 'showHeal': True}","{'confirm': 0, 'confirmCuts': 0, 'isUpdated': False}"
440,万宁,海南,"{'nowConfirm': 0, 'confirm': 13, 'suspect': 0, 'dead': 0, 'deadRate': '0.00', 'showRate': False, 'heal': 13, 'healRate': '100.00', 'showHeal': True}","{'confirm': 0, 'confirmCuts': 0, 'isUpdated': False}"
441,澄迈县,海南,"{'nowConfirm': 0, 'confirm': 9, 'suspect': 0, 'dead': 1, 'deadRate': '11.11', 'showRate': False, 'heal': 8, 'healRate': '88.89', 'showHeal': True}","{'confirm': 0, 'confirmCuts': 0, 'isUpdated': False}"
442,昌江县,海南,"{'nowConfirm': 0, 'confirm': 7, 'suspect': 0, 'dead': 0, 'deadRate': '0.00', 'showRate': False, 'heal': 7, 'healRate': '100.00', 'showHeal': True}","{'confirm': 0, 'confirmCuts': 0, 'isUpdated': False}"
443,保亭,海南,"{'nowConfirm': 0, 'confirm': 3, 'suspect': 0, 'dead': 0, 'deadRate': '0.00', 'showRate': False, 'heal': 3, 'healRate': '100.00', 'showHeal': True}","{'confirm': 0, 'confirmCuts': 0, 'isUpdated': False}"
444,琼海,海南,"{'nowConfirm': 0, 'confirm': 6, 'suspect': 0, 'dead': 1, 'deadRate': '16.67', 'showRate': False, 'heal': 5, 'healRate': '83.33', 'showHeal': True}","{'confirm': 0, 'confirmCuts': 0, 'isUpdated': False}"
445,临高县,海南,"{'nowConfirm': 0, 'confirm': 6, 'suspect': 0, 'dead': 0, 'deadRate': '0.00', 'showRate': False, 'heal': 6, 'healRate': '100.00', 'showHeal': True}","{'confirm': 0, 'confirmCuts': 0, 'isUpdated': False}"
446,陵水县,海南,"{'nowConfirm': 0, 'confirm': 4, 'suspect': 0, 'dead': 0, 'deadRate': '0.00', 'showRate': False, 'heal': 4, 'healRate': '100.00', 'showHeal': True}","{'confirm': 0, 'confirmCuts': 0, 'isUpdated': False}"
447,乐东,海南,"{'nowConfirm': 0, 'confirm': 2, 'suspect': 0, 'dead': 0, 'deadRate': '0.00', 'showRate': False, 'heal': 2, 'healRate': '100.00', 'showHeal': True}","{'confirm': 0, 'confirmCuts': 0, 'isUpdated': False}"
448,文昌,海南,"{'nowConfirm': 0, 'confirm': 3, 'suspect': 0, 'dead': 0, 'deadRate': '0.00', 'showRate': False, 'heal': 3, 'healRate': '100.00', 'showHeal': True}","{'confirm': 0, 'confirmCuts': 0, 'isUpdated': False}"
449,定安县,海南,"{'nowConfirm': 0, 'confirm': 3, 'suspect': 0, 'dead': 1, 'deadRate': '33.33', 'showRate': False, 'heal': 2, 'healRate': '66.67', 'showHeal': True}","{'confirm': 0, 'confirmCuts': 0, 'isUpdated': False}"
450,琼中县,海南,"{'nowConfirm': 0, 'confirm': 1, 'suspect': 0, 'dead': 0, 'deadRate': '0.00', 'showRate': False, 'heal': 1, 'healRate': '100.00', 'showHeal': True}","{'confirm': 0, 'confirmCuts': 0, 'isUpdated': False}"
451,海北州,青海,"{'nowConfirm': 0, 'confirm': 3, 'suspect': 0, 'dead': 0, 'deadRate': '0.00', 'showRate': False, 'heal': 3, 'healRate': '100.00', 'showHeal': True}","{'confirm': 0, 'confirmCuts': 0, 'isUpdated': False}"
452,西宁,青海,"{'nowConfirm': 0, 'confirm': 15, 'suspect': 0, 'dead': 0, 'deadRate': '0.00', 'showRate': False, 'heal': 15, 'healRate': '100.00', 'showHeal': True}","{'confirm': 0, 'confirmCuts': 0, 'isUpdated': False}"
